ID,Date,0,1,2,3,4,5,6,7,8,9,10,11,12,13,14,15,16,17,18,19
702313-01,1,0.16176471,0,0,0,0.14495798,0,0,0,0,0.035714286,0.035714286,0.027310924,0,0.014705882,0,0.006302521,0.00210084,0.035714286,0.004201681,0.010504202
702313-02,1,0.087025316,0.003164557,0,0.004746835,0.15822785,0,0,0.026898734,0.004746835,0.025316456,0.022151899,0.015822785,0.017405063,0.017405063,0,0,0.006329114,0.026898734,0.007911392,0.026898734
702313-03,1,0.16304348,0.004347826,0,0,0.19347826,0,0.002173913,0,0,0.039130435,0.026086957,0,0,0.002173913,0,0.002173913,0.002173913,0.036956522,0,0.023913043
702313-04,1,0.10165975,0,0,0,0.21576763,0,0.002074689,0,0,0.03526971,0,0.018672199,0,0,0.01659751,0.012448133,0,0.041493776,0.024896266,0
702313-05,1,0.12300319,0.017571885,0,0,0.16134185,0,0.001597444,0.006389776,0.009584665,0.041533546,0,0.059105431,0.001597444,0,0,0,0,0.025559105,0,0
702313-06,1,0.1358811,0,0,0,0.20806794,0,0.006369427,0,0,0.033970276,0.002123142,0,0.014861996,0.002123142,0,0,0,0.06581741,0.010615711,0
702313-07,1,0.10617761,0,0.011583012,0.005791506,0.19305019,0.005791506,0,0,0.001930502,0.013513514,0,0.057915058,0,0,0.015444015,0,0,0,0.011583012,0.015444015
702313-08,1,0.13112392,0,0,0,0.15129683,0,0.014409222,0.007204611,0,0,0.011527378,0.030259366,0.011527378,0,0.0129683,0.018731988,0.0129683,0.004322767,0.025936599,0.023054755
702313-09,1,0.064914992,0,0.007727975,0,0.20401855,0,0,0.001545595,0.001545595,0.026275116,0.00927357,0.023183926,0.00927357,0,0,0.01236476,0,0.066460587,0.035548686,0.010819165
702313-10,1,0.11686144,0,0,0,0.18196995,0,0.005008347,0,0,0.035058431,0.013355593,0.01836394,0,0,0.011686144,0,0,0.021702838,0.023372287,0.003338898
702313-11,1,0.16701461,0,0,0,0.11691023,0,0.054279749,0,0,0,0.029227557,0.016701461,0.004175365,0,0.054279749,0.012526096,0,0,0,0.012526096
702314-1,1,0.086021505,0,0.001536098,0,0.015360983,0,0.02764977,0.021505376,0,0,0,0.026113671,0.016897081,0,0.14592934,0.010752688,0,0.016897081,0,0
702314-2,1,0.077419355,0,0,0.001612903,0,0,0,0.00483871,0,0,0.016129032,0,0,0,0.23709677,0.00483871,0,0.008064516,0,0
702314-3,1,0.082222222,0.013333333,0,0,0,0,0,0,0,0,0.006666667,0,0.004444444,0.033333333,0.19555556,0.008888889,0.004444444,0,0,0
702314-4,1,0.1028169,0,0,0.025352113,0,0,0.001408451,0,0,0.002816901,0,0.052112676,0,0.042253521,0.14929577,0,0,0,0,0.004225352
702314-5,1,0.14967105,0,0,0.023026316,0,0,0,0,0,0.008223684,0,0.018092105,0.013157895,0.011513158,0.15953947,0,0,0,0,0
702314-6,1,0.11797753,0,0.001404494,0.004213483,0,0.005617978,0.011235955,0.004213483,0,0,0,0.050561798,0,0,0.15308989,0.021067416,0.001404494,0.007022472,0.004213483,0.012640449
702314-7,1,0.11640212,0,0,0.002645503,0,0,0.023809524,0,0.005291005,0,0,0,0,0,0.25132275,0,0,0,0,0
702314-8,1,0.12183908,0,0,0,0,0,0.036781609,0,0,0.002298851,0.004597701,0,0.002298851,0.004597701,0.16321839,0,0,0,0,0
702314-9,1,0.10313901,0,0.002989537,0.00896861,0,0.002989537,0,0,0,0,0,0.016442451,0,0.007473842,0.23617339,0.014947683,0,0.005979073,0.005979073,0
702314-10,1,0.099836334,0,0,0,0,0,0.008183306,0.016366612,0,0.003273322,0.004909984,0.004909984,0.009819967,0.045826514,0.17184943,0,0,0.006546645,0,0
702314-11,1,0.11410788,0,0,0.018672199,0,0,0,0,0,0,0,0.01659751,0,0.006224066,0.17842324,0.031120332,0,0,0,0
702314-12,1,0.069084629,0,0,0.029360967,0,0,0,0.022452504,0,0.001727116,0,0,0.001727116,0,0.2417962,0,0,0,0,0
702314-13,1,0.080733945,0.001834862,0.005504587,0,0,0,0.003669725,0.009174312,0,0,0.005504587,0,0,0.001834862,0.24954128,0.001834862,0,0.001834862,0,0
702314-14,1,0.054347826,0.02173913,0,0.015217391,0,0,0.043478261,0,0,0.008695652,0,0.006521739,0,0,0.24782609,0,0,0.036956522,0,0
702314-15,1,0.053680982,0.009202454,0.001533742,0,0.003067485,0,0,0.015337423,0.004601227,0,0,0.018404908,0,0.016871166,0.2208589,0,0,0.013803681,0,0
702314-16,1,0.12199037,0,0,0,0.017656501,0,0.004815409,0.011235955,0,0,0,0,0.009630819,0.054574639,0.14606742,0,0,0.006420546,0,0
702314-17,1,0.079012346,0,0.002469136,0.02962963,0,0,0.004938272,0,0,0.049382716,0,0,0,0,0.17530864,0.009876543,0,0,0,0
702314-18,1,0.13804714,0.003367003,0,0.015151515,0,0,0,0,0,0,0,0.047138047,0,0,0.15319865,0,0,0,0.001683502,0
702314-19,1,0.080858086,0,0,0.001650165,0.00660066,0,0.01980198,0.001650165,0,0,0,0.00660066,0,0,0.21617162,0,0,0.034653465,0,0
702314-20,1,0.08988764,0,0,0,0,0,0.011235955,0,0.001872659,0.031835206,0.02247191,0,0.001872659,0.013108614,0.16853933,0,0,0,0,0.009363296
702314-21,1,0.070615034,0,0,0,0.025056948,0.011389522,0.004555809,0.01594533,0,0,0,0,0.004555809,0,0.12528474,0.043280182,0,0.036446469,0,0
702314-22,1,0.06640625,0,0.001953125,0.009765625,0.0078125,0,0.03125,0.001953125,0,0,0,0.013671875,0.00390625,0,0.22070313,0.00390625,0,0.04296875,0,0
702315-1,1,0.1,0.02,0.022,0,0.024,0,0.152,0,0.032,0.01,0,0.004,0,0,0.012,0.042,0.03,0,0.014,0.018
702315-2,1,0.10323887,0.026315789,0,0.002024292,0,0,0.22874494,0,0.024291498,0.004048583,0,0,0,0,0.010121457,0.032388664,0.01417004,0,0,0
702315-3,1,0.089928058,0.050359712,0,0.007194245,0,0.017985612,0.13309353,0.039568345,0.001798561,0,0.021582734,0,0.010791367,0,0.028776978,0.03057554,0,0.003597122,0,0.017985612
702315-4,1,0.11947627,0,0,0.009819967,0,0,0.18003273,0.001636661,0.027823241,0,0,0.009819967,0,0,0.009819967,0.022913257,0.016366612,0.008183306,0,0.039279869
702315-5,1,0.072041166,0.051457976,0,0,0,0,0.18010292,0,0.037735849,0,0,0.001715266,0,0.001715266,0.005145798,0.041166381,0,0,0,0.003430532
702315-6,1,0.076923077,0.009157509,0,0.001831502,0.005494506,0.003663004,0.22161172,0,0.031135531,0,0.032967033,0,0,0.027472527,0,0,0,0,0.014652015,0
702315-7,1,0.096226415,0,0.001886793,0,0,0.001886793,0.18679245,0,0,0,0.049056604,0,0,0.024528302,0,0.018867925,0,0,0.013207547,0.10566038
702315-8,1,0.12463768,0.030434783,0,0,0,0,0.15362319,0,0,0,0.01884058,0,0.002898551,0.011594203,0.002898551,0.017391304,0,0.001449275,0,0.052173913
702316-1,1,0.14419476,0.001872659,0,0,0,0,0,0,0.005617978,0.078651685,0.050561798,0.007490637,0.005617978,0.11985019,0,0.056179775,0,0,0,0
702316-2,1,0.11710037,0.00929368,0,0,0,0,0.007434944,0.024163569,0,0.042750929,0.016728625,0,0.016728625,0.11152416,0,0.035315985,0,0.029739777,0,0.046468401
702316-3,1,0.12115732,0.037974684,0,0,0,0.03074141,0,0.01084991,0,0.070524412,0.012658228,0,0.014466546,0.084990958,0.014466546,0.047016275,0.001808318,0.01084991,0,0.023508137
702316-4,1,0.11731844,0.041899441,0,0,0,0,0,0.019553073,0.033519553,0.20391061,0.019553073,0,0,0.025139665,0,0,0,0,0.022346369,0
702316-5,1,0.12044374,0.026941363,0.012678288,0,0,0.001584786,0.034865293,0.006339144,0,0.12044374,0.053882726,0.019017433,0,0.020602219,0,0,0,0.025356577,0,0
702316-6,1,0.11368421,0,0,0,0,0.002105263,0.04,0.00631579,0.018947368,0.050526316,0.035789474,0.010526316,0,0.17263158,0,0.016842105,0,0,0,0
702316-7,1,0.11538462,0.004807692,0,0,0.016025641,0,0.02724359,0.006410256,0.006410256,0.02724359,0,0.003205128,0,0.20192308,0.025641026,0.017628205,0,0.008012821,0,0
702316-8,1,0.12280702,0,0,0,0,0,0.03030303,0,0.004784689,0.049441786,0.007974482,0.015948963,0,0.18660287,0,0.027113238,0,0,0,0
702316-9,1,0.11722488,0,0,0.002392345,0,0,0.019138756,0.004784689,0.004784689,0.04784689,0,0.011961722,0,0.16985646,0.052631579,0,0,0,0,0
702317-1,1,0.061503417,0,0.018223235,0,0,0,0,0,0.004555809,0,0.027334852,0,0.39179954,0,0,0,0.002277904,0,0.002277904,0
702317-2,1,0.003838772,0.011516315,0,0,0.017274472,0,0,0.040307102,0,0,0.001919386,0,0.4049904,0,0,0,0.003838772,0.038387716,0.001919386,0
702317-3,1,0.07293666,0.005758157,0,0,0,0,0,0.038387716,0,0,0,0,0.36660269,0.001919386,0,0,0,0.001919386,0.003838772,0
702317-4,1,0.045454545,0,0,0.001818182,0.018181818,0.005454546,0,0.012727273,0,0,0,0.041818182,0.22181818,0,0,0.003636364,0.005454546,0.054545455,0,0
702317-5,1,0.04787234,0,0,0,0.027925532,0.002659575,0,0.001329787,0.002659575,0,0.001329787,0.019946809,0.34707447,0.001329787,0,0,0.009308511,0.006648936,0.010638298,0.002659575
702317-6,1,0.067698259,0,0,0,0,0.001934236,0,0,0,0,0,0.007736944,0.36750484,0.005802708,0,0,0.007736944,0,0,0
702317-7,1,0.070809249,0.005780347,0.001445087,0,0,0,0.01300578,0,0.007225434,0,0.005780347,0.018786127,0.34537572,0,0.005780347,0,0,0.01734104,0,0
702317-8,1,0.05664488,0,0,0,0,0.034858388,0.002178649,0.023965142,0,0.006535948,0,0.006535948,0.23529412,0,0.004357299,0,0.045751634,0,0.023965142,0.058823529
702317-9,1,0.091269841,0,0,0,0,0.007936508,0,0,0.001984127,0.007936508,0.003968254,0,0.31746032,0,0,0,0.015873016,0.005952381,0,0
702317-10,1,0.057627119,0.005084746,0.016949153,0,0,0.001694915,0,0,0.001694915,0.005084746,0.006779661,0.03559322,0.35423729,0.006779661,0,0,0,0,0,0.011864407
702317-11,1,0.10810811,0.013513514,0,0,0,0,0,0,0.040540541,0,0,0,0.2972973,0,0,0,0,0,0,0
702317-12,1,0.099206349,0,0,0.005952381,0,0,0,0.003968254,0,0,0,0.003968254,0.30555556,0,0,0,0,0.021825397,0.001984127,0.009920635
711913-1,2,0.10285714,0,0.05,0,0.032857143,0.024285714,0.011428571,0.004285714,0,0.038571429,0.002857143,0.031428571,0,0,0.012857143,0,0.007142857,0.067142857,0,0.018571429
711913-1,2,0.1734375,0,0.090625,0,0,0.046875,0,0,0,0.025,0.0109375,0.009375,0,0,0,0.0109375,0,0.009375,0,0.0484375
711913-3,2,0.14397496,0,0.034428795,0.010954617,0,0,0,0.004694836,0.014084507,0.023474178,0,0,0,0.015649452,0.001564945,0.075117371,0.018779343,0,0.020344288,0.093896714
711913-4,2,0.14092664,0.013513514,0.019305019,0,0.013513514,0,0,0,0,0,0,0.005791506,0.001930502,0.057915058,0.019305019,0.034749035,0.003861004,0,0.001930502,0.11583012
711913-5,2,0.17222222,0,0.055555556,0,0.008333333,0,0,0.008333333,0.008333333,0.052777778,0,0.008333333,0,0.038888889,0,0.038888889,0,0,0.005555556,0.033333333
711913-6,2,0.13082437,0.001792115,0.071684588,0.023297491,0,0,0.017921147,0.008960574,0,0,0,0.037634409,0,0.001792115,0.003584229,0.019713262,0,0.019713262,0.041218638,0.084229391
711913-7,2,0.1092233,0,0.046116505,0,0.002427185,0.029126214,0,0.004854369,0,0,0,0.087378641,0,0.041262136,0.060679612,0.024271845,0,0,0,0.033980583
711913-8,2,0.16891892,0,0.064864865,0,0,0.010810811,0,0,0.016216216,0.025675676,0.005405405,0.024324324,0,0.014864865,0.001351351,0.014864865,0.002702703,0,0,0.082432432
711913-9,2,0.16312057,0.003546099,0.070921986,0,0.014184397,0.014184397,0.028368794,0,0,0.028368794,0,0,0,0,0.021276596,0,0,0,0,0.04964539
711914-1,2,0.097727273,0.036363636,0.006818182,0,0.15454545,0.002272727,0,0,0,0.004545455,0,0.031818182,0,0,0,0.068181818,0,0.006818182,0.025,0
711914-2,2,0.12410072,0.019784173,0,0.001798561,0.18345324,0,0.008992806,0.010791367,0,0,0,0,0.019784173,0,0.014388489,0.04676259,0,0,0.010791367,0
711914-3,2,0.090439276,0.018087855,0,0,0.26098191,0,0,0.007751938,0,0.007751938,0,0,0,0.025839793,0.002583979,0.015503876,0.002583979,0.041343669,0,0
711914-3,2,0.031932773,0,0,0.011764706,0.016806723,0.001680672,0.003361345,0.023529412,0,0.001680672,0,0.010084034,0,0,0,0,0,0.25210084,0,0
711914-4,2,0.022292994,0,0,0,0.063694268,0,0,0.063694268,0.003184713,0,0,0.047770701,0.01910828,0,0.003184713,0,0,0.15923567,0,0
711914-5,2,0.054945055,0,0.004709576,0.04866562,0.029827316,0,0.001569859,0.014128728,0,0,0,0.026687598,0.003139717,0,0,0.010989011,0,0.15541601,0,0
711914-6,2,0.046218487,0.018907563,0.004201681,0.021008403,0.027310924,0,0,0.008403361,0,0.008403361,0.00210084,0.039915966,0.006302521,0.006302521,0,0,0,0.1512605,0.008403361,0
711914-7,2,0.064257028,0,0,0,0,0,0.016064257,0,0,0,0.002008032,0.026104418,0.012048193,0.004016064,0.032128514,0,0,0.19277108,0,0
711914-8,2,0.057692308,0.023076923,0,0,0.10769231,0,0.007692308,0.026923077,0,0,0,0,0.021153846,0,0.013461538,0,0,0.13269231,0.001923077,0
711914-9,2,0.04517134,0.018691589,0,0.015576324,0.17601246,0,0,0.028037383,0,0,0,0.007788162,0.023364486,0,0.018691589,0,0.012461059,0.088785047,0,0
711914-10,2,0.066666667,0,0,0,0.10666667,0.042666667,0,0,0,0,0.010666667,0.021333333,0.029333333,0,0,0,0,0.136,0,0
711914-11,2,0.089201878,0.002347418,0.004694836,0,0.2629108,0,0.009389671,0,0.002347418,0.025821596,0,0,0.042253521,0,0,0,0,0.025821596,0,0
711914-12,2,0.095238095,0,0,0.045918367,0.076530612,0,0,0,0,0.030612245,0,0,0,0.00170068,0,0,0,0.15136054,0,0
711914-13,2,0.15467626,0,0,0,0.15827338,0.039568345,0.003597122,0.007194245,0,0,0,0,0,0.017985612,0,0,0,0.057553957,0,0.007194245
711914-14,2,0.11444653,0,0,0,0.12382739,0.031894934,0.005628518,0.001876173,0,0,0.018761726,0,0.022514071,0.009380863,0,0.00750469,0.001876173,0.08630394,0,0
711914-15,2,0.11397059,0,0,0,0.13051471,0,0.012867647,0.023897059,0,0,0,0,0,0,0.005514706,0,0.001838235,0.09375,0,0.033088235
711915-1,2,0.077540107,0.045454545,0.005347594,0,0.056149733,0.005347594,0,0,0.016042781,0.016042781,0.013368984,0.018716578,0,0,0,0.23262032,0,0.002673797,0.002673797,0.016042781
711915-2,2,0.077844311,0.075848303,0.027944112,0,0.01996008,0,0,0.007984032,0.0499002,0,0,0.007984032,0,0,0,0.17964072,0.007984032,0.005988024,0,0.005988024
711915-3,2,0.13272727,0.003636364,0,0,0,0,0.018181818,0.014545455,0,0.010909091,0,0,0.001818182,0.003636364,0.06,0.20545455,0,0.007272727,0,0
711915-4,2,0.13759214,0.071253071,0,0,0,0,0,0,0.002457003,0.014742015,0.00982801,0.044226044,0,0,0,0.22850123,0,0,0,0.014742015
711915-5,2,0.064935065,0,0,0,0.053571429,0,0,0,0,0,0,0.037337662,0.011363636,0.00487013,0,0.29383117,0.006493507,0,0,0.019480519
711915-7,2,0.10362694,0.010362694,0,0.001727116,0.031088083,0,0.001727116,0.001727116,0.010362694,0.003454231,0.02417962,0.005181347,0,0.001727116,0.025906736,0.25561313,0,0,0.005181347,0
711915-8,2,0.071264368,0,0.002298851,0.009195402,0.071264368,0,0.013793103,0.002298851,0.002298851,0.002298851,0.002298851,0.027586207,0,0.034482759,0.029885057,0.1862069,0,0,0,0
711915-9,2,0.092979127,0,0,0,0.013282732,0,0.017077799,0,0,0,0.034155598,0.030360531,0,0.009487666,0.017077799,0.27134725,0.001897533,0,0,0
711915-10,2,0.11304348,0.02826087,0,0,0.004347826,0,0,0,0,0.063043478,0.02826087,0.019565217,0,0,0.02173913,0.20652174,0,0,0,0.013043478
711915-11,2,0.10614525,0,0,0.027932961,0,0.016759777,0,0,0,0.005586592,0.044692737,0.005586592,0.005586592,0.039106145,0,0.25139665,0,0,0.016759777,0
711915-1,2,0.14933333,0,0,0,0,0,0.005333333,0,0.008,0,0.38,0,0,0.004,0,0,0.002666667,0,0.004,0.022666667
711915-2,2,0.16470588,0,0,0,0,0,0.001680672,0,0,0,0.30252101,0.001680672,0,0.01512605,0,0.006722689,0,0,0,0
711915-3,2,0.11352254,0,0.026711185,0,0,0.013355593,0,0,0.021702838,0.023372287,0.31051753,0.010016694,0,0.041736227,0.001669449,0,0.001669449,0,0,0
711915-4,2,0.057761733,0,0,0,0,0.005415163,0.003610108,0.007220217,0.027075812,0.009025271,0.40252708,0,0,0.010830325,0.010830325,0,0,0,0,0
711915-5,2,0.063366337,0.001980198,0.001980198,0,0,0,0.007920792,0,0,0.051485149,0.37425743,0,0,0,0.011881188,0.001980198,0,0,0.017821782,0
711915-6,2,0.074681239,0.007285975,0,0,0,0,0,0,0.012750455,0,0.35701275,0,0,0.018214936,0,0,0,0.007285975,0.018214936,0.003642987
711915-7,2,0.11217184,0.002386635,0,0,0,0.011933174,0,0.014319809,0.00477327,0,0.40095465,0.011933174,0,0,0,0,0,0,0,0
711915-8,2,0.084175084,0.003367003,0,0.008417508,0,0,0.016835017,0.013468013,0.023569024,0,0.28114478,0,0,0.001683502,0.042087542,0.006734007,0,0.013468013,0,0
711915-9,2,0.075789474,0.00631579,0,0.012631579,0,0,0,0,0.00631579,0.018947368,0.34105263,0.014736842,0,0,0.010526316,0,0,0,0.016842105,0
711915-10,2,0.087318087,0,0,0,0,0,0,0.043659044,0.002079002,0,0.33056133,0,0.016632017,0.002079002,0.016632017,0,0,0.035343035,0.008316008,0
711915-11,2,0.080103359,0.002583979,0,0,0.033591731,0.012919897,0,0.062015504,0.015503876,0.041343669,0.29198966,0.002583979,0,0,0,0.007751938,0,0.025839793,0,0.002583979
711915-12,2,0.12603306,0,0,0,0,0,0,0.01446281,0,0.016528926,0.33677686,0.01446281,0,0.030991736,0.002066116,0,0,0,0,0
711917-1,2,0.12888889,0.004444444,0,0.006666667,0.008888889,0,0,0,0,0,0,0,0.008888889,0.017777778,0,0.026666667,0.006666667,0,0.006666667,0.29111111
711917-2,2,0.15250545,0.006535948,0,0,0,0,0.010893246,0,0,0,0,0.008714597,0.008714597,0.002178649,0,0,0,0.002178649,0,0.33769063
711917-3,2,0.15825688,0.004587156,0.006880734,0.004587156,0,0.01146789,0.009174312,0,0.01146789,0.009174312,0.004587156,0.006880734,0,0,0,0,0.064220183,0,0.020642202,0.21100917
711917-4,2,0.11483254,0.12440191,0.009569378,0,0,0,0,0,0,0,0.007177034,0,0,0.014354067,0.011961722,0,0,0,0,0.20334928
711917-5,2,0.11324376,0.11132438,0.011516315,0,0,0.001919386,0,0,0.013435701,0,0.005758157,0,0.02303263,0.007677543,0,0,0.013435701,0.005758157,0.003838772,0.18809981
711917-6,2,0.11965812,0.14529915,0,0.005128205,0,0,0.001709402,0,0,0,0,0,0.011965812,0,0.011965812,0.023931624,0.017094017,0,0,0.10598291
711917-7,2,0.117506,0.050359712,0,0,0.019184652,0,0,0,0.03117506,0.004796163,0,0,0,0,0,0,0.023980815,0,0,0.1942446
711917-8,2,0.11886792,0.073584906,0,0.009433962,0,0,0,0.001886793,0.018867925,0.00754717,0,0.009433962,0.013207547,0,0,0,0.009433962,0,0,0.18113208
711917-9,2,0.097323601,0.10462287,0,0,0.00486618,0,0.00486618,0,0,0.00243309,0,0,0.02676399,0.02676399,0,0,0,0,0,0.2189781
711917-10,2,0.13430127,0.056261343,0.003629764,0.00907441,0,0.001814882,0,0,0.025408348,0,0,0,0.01814882,0,0,0.007259528,0.001814882,0,0,0.20689655
711917-11,2,0.13240418,0.076655052,0,0,0,0,0,0,0.013937282,0.013937282,0,0,0.012195122,0,0,0,0.017421603,0,0.003484321,0.16898955
711917-12,2,0.14490161,0.073345259,0,0.001788909,0,0,0.026833631,0,0.003577818,0,0.003577818,0,0.010733453,0,0,0,0,0,0.003577818,0.21288014
711917-13,2,0.10688406,0.054347826,0,0,0,0.009057971,0.003623188,0,0,0,0,0.005434783,0,0,0,0.019927536,0.014492754,0,0,0.24275362
711917-14,2,0.16826923,0.051282051,0.051282051,0,0,0.001602564,0,0,0.001602564,0,0,0,0,0,0,0.001602564,0.004807692,0,0.003205128,0.19711538
711917-15,2,0.097493036,0.10027855,0,0,0,0,0.005571031,0.008356546,0,0.04735376,0.022284123,0.005571031,0,0,0,0,0,0,0,0.23955432
730651-1,3,0.11219512,0.041463415,0,0,0,0.009756098,0.012195122,0,0,0,0.017073171,0.002439024,0,0.30487805,0,0.03902439,0,0,0,0
730651-2,3,0.15361446,0.009036145,0,0,0,0.021084337,0.006024096,0.003012048,0,0.003012048,0,0.015060241,0,0.26807229,0,0.018072289,0,0,0,0.030120482
730651-3,3,0.14231499,0.007590133,0,0,0.009487666,0,0,0.001897533,0,0.001897533,0.034155598,0.003795066,0.003795066,0.17836812,0.001897533,0.070208729,0,0,0.003795066,0.045540797
730651-4,3,0.12403101,0,0,0,0,0,0.001550388,0,0,0.009302326,0,0.020155039,0,0.30852713,0,0.003100775,0.00620155,0.004651163,0,0.003100775
730651-5,3,0.094138544,0,0,0,0,0,0.007104796,0,0.014209591,0,0.010657194,0.007104796,0,0.31616341,0.037300178,0,0.024866785,0,0,0
730651-6,3,0.10707071,0,0.018181818,0,0.016161616,0,0,0,0.002020202,0,0,0.038383838,0,0.28686869,0.018181818,0.01010101,0,0.002020202,0,0
730651-7,3,0.095315024,0.022617124,0,0.001615509,0,0,0.001615509,0,0.006462036,0,0.001615509,0.021001616,0,0.33117932,0.017770598,0.003231018,0,0,0,0
730651-8,3,0.098196393,0.006012024,0,0,0.008016032,0,0,0.004008016,0,0,0.002004008,0,0,0.39278557,0.002004008,0,0.004008016,0,0,0
730651-9,3,0.095588235,0,0,0.014705882,0.005882353,0,0.001470588,0,0.002941177,0,0,0.035294118,0,0.32352941,0.025,0,0,0.005882353,0.004411765,0
730651-10,3,0.087719298,0,0,0,0,0.005263158,0,0,0,0.019298246,0,0.005263158,0,0.38947368,0.007017544,0.01754386,0,0,0,0
730651-11,3,0.041144902,0,0.001788909,0.016100179,0,0,0.025044723,0.001788909,0,0,0.003577818,0,0,0.36314848,0.050089445,0.016100179,0,0,0.001788909,0
730651-12,3,0.060796646,0.008385744,0,0,0,0,0.014675052,0.008385744,0,0.002096436,0,0,0,0.36477987,0.020964361,0.01048218,0,0,0,0
730651-13,3,0.097637795,0,0,0,0.011023622,0,0,0,0,0,0,0,0,0.3023622,0.040944882,0,0.003149606,0.012598425,0,0.003149606
730651-14,3,0.074141049,0,0,0,0,0.009041591,0,0,0,0.005424955,0,0.023508137,0,0.36708861,0.001808318,0,0,0,0,0
730651-15,3,0.15360502,0,0,0,0,0,0,0,0,0,0,0.012539185,0,0.2539185,0,0.047021944,0,0,0,0.006269593
730658-1,3,0.068143101,0.001703578,0.008517888,0,0,0,0.011925043,0,0,0.001703578,0,0.04088586,0,0.069846678,0.010221465,0.35264055,0,0,0,0
730658-2,3,0.085284281,0.003344482,0,0.008361204,0,0.003344482,0.045150502,0,0,0.016722408,0,0.010033445,0,0.050167224,0.035117057,0.26086957,0,0,0.003344482,0.001672241
730658-3,3,0.077155825,0,0,0,0.012102874,0,0.02269289,0.006051437,0.007564297,0.024205749,0.015128593,0.033282905,0.001512859,0.028744327,0,0.30711044,0,0.015128593,0,0
730658-4,3,0.098196393,0.01002004,0,0.008016032,0,0,0,0,0,0,0,0,0,0.018036072,0.04008016,0.34869739,0,0,0.002004008,0
730658-5,3,0.12359551,0,0,0.02247191,0,0,0,0,0,0.015730337,0.002247191,0.015730337,0,0,0.011235955,0.32359551,0,0,0,0.006741573
730658-6,3,0.091065292,0,0,0.001718213,0,0.013745704,0.018900344,0.003436426,0,0.003436426,0.010309278,0.001718213,0.005154639,0.049828179,0.017182131,0.31271478,0,0.006872852,0,0
730658-7,3,0.087301587,0,0,0,0.001984127,0.007936508,0.015873016,0,0,0.057539683,0.015873016,0.021825397,0.035714286,0.055555556,0,0.23015873,0,0,0,0
730658-8,3,0.089320388,0,0.015533981,0.001941748,0,0,0,0.052427184,0,0,0,0.00776699,0,0.13203883,0,0.15728155,0.003883495,0.015533981,0.003883495,0.009708738
730658-9,3,0.060903733,0.003929273,0,0,0.003929273,0.003929273,0.011787819,0,0,0.017681729,0.007858546,0,0.001964637,0.074656189,0.007858546,0.30451866,0,0,0,0
730658-10,3,0.054347826,0,0.00931677,0.020186335,0.00621118,0,0.02484472,0.010869565,0,0,0,0.048136646,0,0.026397516,0,0.25621118,0,0.004658385,0,0.054347826
730655-1,3,0.10991379,0,0,0.10344828,0,0,0.11206897,0,0.012931034,0,0,0.002155172,0,0.00862069,0.049568966,0.099137931,0,0,0,0.038793103
730655-2,3,0.10159652,0,0,0.14513788,0.021770682,0,0.13497823,0,0,0.001451379,0,0.023222061,0,0.004354136,0.013062409,0.03628447,0,0,0,0
730655-3,3,0.10526316,0.034586466,0,0.12180451,0,0.003007519,0.045112782,0,0,0,0,0.010526316,0,0.004511278,0.010526316,0.10225564,0,0.003007519,0.001503759,0.02406015
730655-4,3,0.027600849,0,0,0.34394904,0,0,0,0,0.012738854,0.004246285,0.016985138,0.010615711,0,0.038216561,0,0.002123142,0,0.002123142,0,0
730655-5,3,0.080424886,0,0.001517451,0.30955994,0,0,0.010622155,0,0,0,0,0.004552352,0.001517451,0.02124431,0.004552352,0.027314112,0,0,0,0
730655-6,3,0.07495069,0,0,0.38856016,0,0.001972387,0,0,0,0.015779093,0,0.003944773,0,0,0.00591716,0,0,0.001972387,0,0
730655-7,3,0.068493151,0,0.002739726,0.29041096,0,0,0,0,0,0,0,0,0,0,0.01369863,0,0,0,0,0.010958904
730655-8,3,0.03875969,0.005813954,0.005813954,0.33139535,0,0,0.003875969,0,0,0,0,0,0,0,0.009689923,0,0,0.005813954,0,0
730655-9,3,0.024070022,0,0,0.3785558,0.002188184,0,0,0,0,0,0,0,0,0.002188184,0,0,0.002188184,0.002188184,0.006564551,0
730655-10,3,0.064272212,0,0,0.2268431,0.001890359,0,0,0.003780718,0,0.005671078,0.001890359,0,0.003780718,0,0.049149338,0.015122873,0,0.011342155,0,0
730655-11,3,0.049535604,0,0,0.2879257,0,0,0.009287926,0,0,0.003095975,0,0,0,0.018575851,0,0,0,0,0.006191951,0
730655-12,3,0.04770017,0.023850085,0.003407155,0.32197615,0,0,0,0,0,0.005110733,0,0.003407155,0,0.02725724,0,0.01362862,0,0.001703578,0,0
730655-13,3,0.070240296,0,0,0.47874307,0,0,0,0,0,0,0,0,0,0,0,0,0,0,0,0
730655-14,3,0.095791001,0.010159652,0,0.22931785,0,0,0,0.001451379,0,0.002902758,0,0.007256894,0,0.029027576,0,0,0,0.001451379,0,0.068214804
730655-15,3,0.098550725,0,0,0.24637681,0,0,0.008695652,0,0,0.02173913,0,0,0,0,0,0.005797101,0,0.008695652,0,0.013043478
730655-16,3,0.11089866,0,0,0.21606119,0.003824092,0,0,0,0,0.013384321,0,0,0,0.017208413,0.021032505,0,0,0.007648184,0.003824092,0.003824092
730655-17,3,0.10869565,0.004347826,0.013043478,0.2173913,0,0.002173913,0,0.002173913,0,0,0,0,0,0,0.052173913,0,0,0.019565217,0,0
730655-18,3,0.11056911,0,0.006504065,0.24227642,0,0,0,0,0,0.004878049,0,0,0,0.017886179,0.024390244,0.001626016,0,0.001626016,0.004878049,0
730655-19,3,0.1013289,0,0,0.23255814,0,0,0,0,0,0.018272425,0,0.004983389,0.003322259,0.018272425,0.004983389,0.024916944,0,0,0,0
730655-20,3,0.068610635,0,0,0.26586621,0,0,0,0,0,0.001715266,0.003430532,0.02058319,0.001715266,0.012006861,0.017152659,0.018867925,0,0.001715266,0,0
730655-21,3,0.092307692,0,0,0.22461538,0,0,0.007692308,0,0.001538462,0,0,0.026153846,0,0,0.030769231,0,0,0,0,0.006153846
730655-22,3,0.1009901,0,0.001980198,0.28316832,0,0,0,0,0,0,0,0.007920792,0,0,0,0,0.001980198,0,0,0
730655-23,3,0.11051213,0,0,0.20754717,0.002695418,0,0,0,0,0.021563342,0,0,0,0.005390836,0.032345013,0,0,0,0,0
730655-24,3,0.075566751,0,0,0.19395466,0,0,0,0,0,0,0.005037783,0.027707809,0.002518892,0.032745592,0.017632242,0,0,0,0,0.002518892
730655-25,3,0.047337278,0.001972387,0,0.26824458,0,0,0,0.00591716,0,0,0,0.017751479,0,0.023668639,0.025641026,0,0,0.001972387,0,0
730655-26,3,0.068311195,0,0,0.20683112,0.009487666,0.007590133,0.032258065,0,0,0,0,0.018975332,0.003795066,0.043643264,0,0.013282732,0,0,0,0
730659-1,3,0.12645914,0,0,0,0,0.003891051,0,0,0.068093385,0.038910506,0,0,0,0.019455253,0,0.035019455,0.12062257,0,0.015564202,0.038910506
730659-2,3,0.14774775,0,0.012612613,0,0,0.009009009,0.001801802,0,0.014414414,0.018018018,0,0.018018018,0,0,0,0.010810811,0.23423423,0.009009009,0.005405405,0
730659-3,3,0.1484375,0,0.001953125,0,0,0,0,0,0.021484375,0.0234375,0.0078125,0.00390625,0,0,0,0.02734375,0.234375,0,0.02734375,0
730659-4,3,0.12611012,0,0.021314387,0,0,0.010657194,0,0,0.008880995,0.007104796,0.030195382,0,0.003552398,0.014209591,0,0.023090586,0.25577265,0,0.010657194,0.001776199
730659-5,3,0.13211382,0,0,0,0,0,0,0,0.010162602,0.016260163,0,0,0,0.022357724,0,0.034552846,0.24390244,0,0.012195122,0.052845528
730659-6,3,0.11198428,0,0.029469548,0,0,0.025540275,0.007858546,0.001964637,0.001964637,0.007858546,0.001964637,0.013752456,0,0.04518664,0.001964637,0.047151277,0.18467583,0,0,0
730659-7,3,0.057192374,0,0.008665511,0.008665511,0.001733102,0.046793761,0,0,0,0.019064125,0.019064125,0.006932409,0.031195841,0,0,0.039861352,0.25129983,0,0.077989601,0
730659-8,3,0.093023256,0.025369979,0.00422833,0,0.00422833,0.010570825,0,0,0,0.019027484,0.006342495,0,0.006342495,0.006342495,0,0.027484144,0.22198732,0,0.016913319,0.023255814
730659-9,3,0.13764045,0,0.005617978,0,0.014044944,0.025280899,0.002808989,0,0,0.011235955,0,0,0.002808989,0,0,0.016853933,0.21348315,0,0,0
746141-1,4,0.13240418,0.024390244,0,0.013937282,0.022648084,0,0,0.25609756,0,0,0.013937282,0,0,0.010452962,0,0.043554007,0,0,0,0
746141-2,4,0.085808581,0,0,0,0.018151815,0,0,0.25907591,0,0,0.01650165,0.008250825,0.054455446,0,0.001650165,0.01650165,0,0.02310231,0.00660066,0
746141-3,4,0.10950413,0.006198347,0.02892562,0,0,0.012396694,0,0.25206612,0,0,0.026859504,0,0.018595041,0,0,0.037190083,0,0,0,0
746141-4,4,0.082217973,0.011472275,0.017208413,0,0.028680688,0,0,0.28298279,0,0,0.047801147,0.024856597,0,0,0,0.005736138,0.015296367,0.026768642,0.003824092,0
746141-5,4,0.06957708,0,0,0.002728513,0.035470668,0,0,0.26193724,0.001364257,0,0.004092769,0.039563438,0,0,0,0,0,0.025920873,0.009549795,0
746141-6,4,0.059815951,0.021472393,0,0.001533742,0.024539877,0,0.001533742,0.29907975,0,0,0.015337423,0,0.006134969,0.027607362,0.007668712,0.012269939,0,0,0,0
746141-7,4,0.082390953,0.011308562,0,0.019386107,0,0,0,0.24071082,0,0,0,0,0.006462036,0,0.02907916,0.001615509,0,0.01453958,0,0
746141-8,4,0.040307102,0,0,0.015355086,0.001919386,0,0,0.23800384,0.003838772,0,0.007677543,0.049904031,0.001919386,0.007677543,0.007677543,0,0,0.038387716,0,0
746141-9,4,0.12323232,0,0.002020202,0,0,0.006060606,0.006060606,0.25454545,0,0.024242424,0,0.028282828,0,0.016161616,0,0.028282828,0.002020202,0,0,0
746141-10,4,0.091346154,0.016025641,0.011217949,0.001602564,0.032051282,0,0,0.2724359,0.019230769,0,0.009615385,0.024038462,0,0.003205128,0.004807692,0.02724359,0,0,0,0.004807692
746141-11,4,0.15418502,0,0.005873715,0.001468429,0.01174743,0.010279001,0,0.24669604,0.007342144,0.01174743,0.032305433,0,0,0,0,0.014684288,0,0,0.005873715,0
746142-1,4,0.09403255,0.028933092,0.016274864,0,0,0.03074141,0,0,0,0.014466546,0,0.003616637,0,0,0,0.012658228,0,0,0,0.32368897
746142-2,4,0.070840198,0.011532125,0.003294893,0.004942339,0.001647447,0.009884679,0,0,0.003294893,0,0.011532125,0.001647447,0,0,0,0.044481054,0,0,0,0.3509061
746142-3,4,0.061295972,0.019264448,0,0.001751314,0.038528897,0.022767075,0,0,0.008756567,0,0.001751314,0.029772329,0.001751314,0,0.010507881,0,0,0.010507881,0,0.30647986
746142-4,4,0.092896175,0.012750455,0,0.010928962,0,0,0.007285975,0.003642987,0,0,0,0,0,0,0.018214936,0,0,0.014571949,0,0.35519126
746142-5,4,0.10291262,0,0.013592233,0.003883495,0,0,0.001941748,0,0,0,0,0,0,0.003883495,0,0,0.017475728,0.025242718,0,0.2368932
746142-6,4,0.072614108,0,0.041493776,0,0.004149378,0.002074689,0.006224066,0.004149378,0,0,0,0,0,0,0.010373444,0.029045643,0.037344398,0.01659751,0,0.32572614
746142-7,4,0.065454545,0.023636364,0.02,0.010909091,0.001818182,0.001818182,0,0.007272727,0.027272727,0,0,0.005454546,0,0,0,0,0,0,0,0.36545455
746142-8,4,0.073619632,0,0.028629857,0.00204499,0,0.006134969,0.00408998,0,0,0.012269939,0,0,0,0.008179959,0,0,0.010224949,0.006134969,0,0.3599182
746142-9,4,0.069721116,0.007968128,0,0,0,0.001992032,0,0,0.013944223,0,0,0,0,0.009960159,0,0,0.009960159,0,0,0.44621514
746142-10,4,0.093577982,0,0.005504587,0,0,0,0,0.003669725,0.00733945,0,0,0,0.003669725,0,0,0.014678899,0,0.022018349,0.005504587,0.3706422
746142-11,4,0.081180812,0,0.003690037,0,0,0.014760148,0,0,0.02398524,0,0,0,0.018450185,0,0,0,0.014760148,0,0,0.32103321
746142-12,4,0.097701149,0,0,0,0.009578544,0,0,0,0.011494253,0.013409962,0,0,0.030651341,0.005747126,0,0.003831418,0,0,0,0.29501916
746142-13,4,0.044444444,0.022222222,0,0,0,0.014141414,0,0.014141414,0.02020202,0,0.01010101,0.008080808,0,0.006060606,0,0,0,0,0,0.36161616
746142-14,4,0.082514735,0.001964637,0,0.017681729,0,0.011787819,0,0,0,0.009823183,0,0,0,0.013752456,0,0.049115914,0,0,0,0.3497053
746142-15,4,0.10784314,0.016806723,0,0,0,0.026610644,0,0.00280112,0.009803922,0.004201681,0,0.00280112,0,0,0,0.00140056,0.007002801,0,0,0.34033613
746142-16,4,0.11044776,0.025373134,0,0,0.005970149,0.032835821,0.005970149,0,0.013432836,0.004477612,0,0,0,0.011940299,0.011940299,0.01641791,0.01641791,0,0,0.2880597
746143-1,4,0.1910828,0,0,0.12951168,0.012738854,0,0.072186837,0,0,0,0,0,0,0.014861996,0,0.080679406,0.027600849,0,0.004246285,0.033970276
746143-2,4,0.086601307,0,0.011437908,0.1372549,0.019607843,0,0.10620915,0,0,0.019607843,0,0.034313725,0,0.001633987,0.02124183,0.004901961,0,0.027777778,0,0.008169935
746143-3,4,0.095412844,0,0,0.10825688,0.04587156,0,0.086238532,0,0,0.011009174,0,0.012844037,0.051376147,0.003669725,0,0.051376147,0.009174312,0.016513761,0,0.031192661
746143-4,4,0.1083815,0,0,0.021676301,0,0.001445087,0.069364162,0.024566474,0.018786127,0,0.026011561,0.065028902,0.031791908,0,0.00433526,0.023121387,0,0.076589595,0.010115607,0.010115607
746143-5,4,0.092105263,0,0,0.11348684,0.092105263,0,0.080592105,0.029605263,0,0,0,0.036184211,0.004934211,0,0,0.018092105,0,0.009868421,0,0
746143-6,4,0.091489362,0,0.012765957,0.1212766,0.034042553,0,0.023404255,0.010638298,0,0,0,0.027659574,0.044680851,0,0.00212766,0.025531915,0,0.057446809,0.014893617,0
746143-7,4,0.082658023,0,0.009724473,0.14100486,0.077795786,0.001620746,0.02917342,0.011345219,0,0.001620746,0,0.02917342,0.025931929,0,0.025931929,0.022690438,0,0.012965964,0.008103728,0
746143-8,4,0.052747253,0.030769231,0,0.14505495,0.065934066,0,0.008791209,0.002197802,0,0,0,0.054945055,0.028571429,0,0,0,0,0.010989011,0,0
746143-9,4,0.12373225,0,0.002028398,0.16227181,0.058823529,0,0.068965517,0,0,0.002028398,0,0.018255578,0.002028398,0.014198783,0.006085193,0,0,0,0,0
746143-10,4,0.11538462,0,0,0.057692308,0,0,0.076923077,0,0,0.046153846,0,0,0,0.028846154,0.040384615,0,0,0,0,0
746143-11,4,0.072691552,0,0,0.19449902,0.00589391,0,0.076620825,0,0,0.00589391,0,0.023575639,0.001964637,0.033398821,0,0.003929273,0,0.019646365,0,0
746143-12,4,0.12587413,0,0,0.15734266,0.003496504,0,0.094405594,0,0,0,0,0,0.006993007,0.022727273,0,0,0.01048951,0.008741259,0,0.02972028
746143-13,4,0.094076655,0,0,0.13066202,0.024390244,0,0.055749129,0.059233449,0,0.008710801,0,0.019163763,0.005226481,0.00174216,0,0.013937282,0,0.017421603,0,0.020905923
746143-14,4,0.093877551,0,0.004081633,0.073469388,0.010204082,0,0.095918367,0,0.018367347,0,0,0.024489796,0.006122449,0.030612245,0.02244898,0.055102041,0,0.004081633,0,0
746144-1,4,0.094754653,0.018612521,0.005076142,0,0,0.037225042,0,0,0.010152284,0,0,0,0.010152284,0,0,0.00676819,0.2927242,0,0,0.074450085
746144-2,4,0.070175439,0.010025063,0.027568922,0,0,0.050125313,0,0,0,0.025062657,0,0,0.007518797,0,0,0,0.39097744,0,0.005012531,0.007518797
746144-3,4,0.076923077,0.005244755,0.013986014,0,0,0.073426573,0,0,0,0,0,0.008741259,0.003496504,0.008741259,0,0,0.25,0,0.026223776,0.08041958
746144-4,4,0.081553398,0,0.017475728,0,0,0.00776699,0,0,0,0,0,0.003883495,0,0,0,0,0.33786408,0,0.029126214,0.040776699
746144-5,4,0.071005917,0,0.001972387,0.009861933,0,0.025641026,0,0,0.009861933,0.019723866,0,0,0.007889546,0,0,0.001972387,0.33530572,0.007889546,0,0.041420118
746144-6,4,0.064833006,0,0.003929273,0,0,0.037328094,0.001964637,0,0,0,0.001964637,0,0,0,0,0,0.34184676,0.013752456,0.027504912,0.072691552
746144-7,4,0.098086124,0.009569378,0,0,0,0.011961722,0,0,0,0,0,0,0.004784689,0.004784689,0,0,0.31818182,0,0.002392345,0.043062201
746144-8,4,0.048387097,0,0.006048387,0.002016129,0,0.010080645,0.016129032,0,0.008064516,0,0,0.008064516,0,0,0,0,0.35887097,0,0.006048387,0.060483871
746144-9,4,0.083018868,0.001886793,0.028301887,0,0.005660377,0.003773585,0.003773585,0,0.009433962,0.009433962,0,0,0,0.001886793,0,0,0.3509434,0.001886793,0.005660377,0.062264151
746144-10,4,0.041916168,0.021956088,0.021956088,0.005988024,0.01996008,0,0.001996008,0,0,0,0,0,0,0,0,0,0.36327345,0.005988024,0,0.033932136
746144-11,4,0.024615385,0.013846154,0,0,0,0.021538462,0,0.004615385,0.010769231,0,0,0,0.003076923,0,0,0,0.40923077,0,0,0.061538462
746144-12,4,0.025423729,0.013559322,0.025423729,0,0.001694915,0.028813559,0.001694915,0,0,0.010169492,0,0.006779661,0.03220339,0,0,0,0.35932203,0.005084746,0,0.069491525
746144-13,4,0.080152672,0.005725191,0,0,0,0.013358779,0,0,0.022900763,0,0.02480916,0,0.009541985,0.007633588,0,0,0.34160305,0.001908397,0,0.020992366
746144-14,4,0.067588326,0.004608295,0.021505376,0,0.004608295,0.016897081,0,0.001536098,0.038402458,0,0.004608295,0.001536098,0,0,0,0,0.33179724,0,0.006144393,0.033794163
746144-15,4,0.11327434,0,0.007079646,0.003539823,0,0.031858407,0,0.003539823,0,0.017699115,0.001769912,0,0,0,0,0,0.29380531,0,0.031858407,0.054867257
746144-16,4,0.082742317,0,0.023640662,0,0,0.026004728,0,0,0,0,0.021276596,0.002364066,0,0.014184397,0,0,0.27659574,0,0.011820331,0.059101655
757660-1,5,0.15483871,0,0.017741935,0,0,0,0.027419355,0,0,0.003225807,0.024193548,0,0.001612903,0,0,0.2016129,0,0,0,0
757660-2,5,0.14827018,0,0.006589786,0,0,0,0,0,0.004942339,0.001647447,0.004942339,0.004942339,0.006589786,0.021416804,0,0.19110379,0.024711697,0,0,0.029654036
757660-3,5,0.15048544,0.002427185,0,0,0.014563107,0,0.004854369,0.002427185,0.014563107,0,0,0.014563107,0,0.007281553,0,0.16019417,0,0,0,0
757660-4,5,0.11878453,0.004143646,0,0.017955801,0.009668508,0,0.046961326,0.016574586,0,0,0,0.01519337,0,0,0.027624309,0.12845304,0,0,0,0
757660-5,5,0.16326531,0.001855288,0,0.001855288,0.003710575,0,0.011131725,0.037105751,0,0,0.001855288,0,0,0,0.06864564,0.10760668,0,0.011131725,0.009276438,0
757660-6,5,0.10136452,0,0,0.013645224,0,0,0.007797271,0.027290448,0,0,0.003898636,0.013645224,0,0,0.095516569,0.050682261,0,0.01754386,0,0.003898636
757660-7,5,0.15646259,0,0.002267574,0,0,0.027210884,0.015873016,0.056689342,0.049886621,0,0,0,0,0,0.068027211,0.034013605,0,0.027210884,0,0.002267574
757660-8,5,0.12382445,0.001567398,0.014106583,0.009404389,0.001567398,0,0,0,0.018808777,0.001567398,0.014106583,0.004702194,0,0,0,0.14420063,0.048589342,0,0,0.05015674
757661-1,5,0.078629032,0.026209677,0,0,0.25806452,0.006048387,0,0,0.008064516,0,0.006048387,0.032258065,0.032258065,0,0.004032258,0,0.008064516,0.006048387,0,0.028225806
757661-2,5,0.091575092,0.027472527,0.001831502,0,0.23626374,0,0,0,0,0.02014652,0,0.007326007,0,0,0.014652015,0.018315018,0,0,0.045787546,0.045787546
757661-3,5,0.076779026,0.014981273,0,0.007490637,0.22097378,0.003745318,0.001872659,0,0.014981273,0,0.005617978,0.020599251,0.024344569,0,0.005617978,0,0.005617978,0.001872659,0,0.04494382
757661-4,5,0.067542214,0.016885553,0.018761726,0,0.2195122,0.005628518,0,0.026266417,0,0,0,0.063789869,0,0,0.00750469,0.00750469,0,0.00750469,0.016885553,0.039399625
757661-5,5,0.096033403,0.035490605,0,0.008350731,0.2651357,0,0,0,0,0,0,0.014613779,0.018789144,0,0,0.002087683,0.020876827,0.014613779,0,0
757661-6,5,0.096121417,0.072512648,0.010118044,0,0.20573356,0.008431703,0,0,0.02529511,0,0,0.003372681,0,0,0.008431703,0,0.010118044,0,0.008431703,0.055649241
757661-7,5,0.11111111,0.026819923,0.003831418,0,0.32758621,0,0.003831418,0,0,0,0.003831418,0.019157088,0,0,0,0,0,0.001915709,0.013409962,0
757661-8,5,0.087398374,0,0.016260163,0,0.2703252,0,0.010162602,0.010162602,0,0,0,0.020325203,0,0,0.014227642,0,0,0.040650407,0.008130081,0.014227642
757661-9,5,0.13356766,0.017574692,0.010544815,0,0.30228471,0,0,0,0,0.015817223,0.005272408,0,0.001757469,0.010544815,0,0,0,0,0,0.021089631
757661-10,5,0.051327434,0.026548673,0.021238938,0,0.21946903,0,0.010619469,0.03539823,0.008849558,0.008849558,0.010619469,0,0,0,0.014159292,0,0,0.069026549,0,0
757661-11,5,0.11590909,0.036363636,0,0.015909091,0.28863636,0.006818182,0,0,0,0,0.004545455,0,0,0,0.004545455,0,0.002272727,0,0,0.031818182
757661-12,5,0.092760181,0.018099548,0,0,0.33936652,0,0,0,0,0,0,0.018099548,0.004524887,0,0.009049774,0,0,0,0,0.036199095
757662-1,5,0.10805085,0,0,0,0.023305085,0.004237288,0,0,0.006355932,0.014830508,0.016949153,0.019067797,0,0.031779661,0.16737288,0.10805085,0.008474576,0,0,0
757662-2,5,0.16464471,0.006932409,0,0,0.008665511,0,0,0,0,0.027729636,0,0,0,0.001733102,0.22530329,0.043327556,0,0,0.001733102,0.017331023
757662-3,5,0.080701754,0,0.005263158,0,0,0,0,0,0,0,0,0.012280702,0,0.047368421,0.3,0.021052632,0.003508772,0.00877193,0,0
757662-4,5,0.13562753,0.024291498,0,0,0,0,0,0,0,0,0,0.004048583,0,0.018218623,0.24696356,0.034412955,0,0,0,0
757662-5,5,0.066202091,0.006968641,0,0,0,0,0,0,0.005226481,0.015679443,0,0.024390244,0,0,0.30139373,0,0,0,0,0
757662-6,5,0.082474227,0,0,0,0,0,0.002061856,0,0.010309278,0,0.004123711,0,0.008247423,0.026804124,0.34020619,0,0,0,0,0.002061856
757662-7,5,0.05465587,0,0,0,0,0,0.026315789,0,0,0.012145749,0,0,0,0.036437247,0.31174089,0,0,0.002024292,0,0
757662-8,5,0.071678322,0.001748252,0,0,0,0,0.01048951,0,0,0,0.01048951,0,0,0.01048951,0.31818182,0.026223776,0,0,0,0
757662-9,5,0.093264249,0,0,0,0,0,0.001727116,0,0,0.005181347,0.003454231,0,0,0.043177893,0.30915371,0,0,0,0.001727116,0
757662-10,5,0.084482759,0,0,0.001724138,0,0,0,0,0,0.001724138,0.001724138,0,0,0.034482759,0.33448276,0,0,0,0.003448276,0
757662-11,5,0.052369077,0.012468828,0,0,0,0,0,0,0,0.002493766,0,0,0.004987531,0.017456359,0.3915212,0,0,0,0,0
757662-12,5,0.055928412,0,0,0.017897092,0.002237137,0.002237137,0,0,0,0,0.017897092,0.015659955,0,0.033557047,0.32885906,0,0,0.004474273,0.002237137,0
757662-13,5,0.064189189,0,0.003378378,0.005067568,0,0,0,0,0,0.008445946,0,0.001689189,0.015202703,0.084459459,0.31756757,0.016891892,0,0,0.001689189,0.001689189
757663-1,5,0.08627451,0.001960784,0,0,0.017647059,0,0,0.001960784,0,0,0,0.30980392,0,0,0.003921569,0.029411765,0,0.005882353,0,0
757663-2,5,0.11067961,0,0,0,0.017475728,0,0,0.013592233,0,0.021359223,0.001941748,0.2776699,0,0,0,0.017475728,0,0.025242718,0.013592233,0
757663-3,5,0.056880734,0,0,0.011009174,0.005504587,0.003669725,0,0,0,0.001834862,0.00733945,0.36513761,0,0,0.001834862,0.003669725,0,0.001834862,0,0
757663-4,5,0.088607595,0.007233273,0,0,0,0,0.009041591,0,0,0,0,0.32007233,0,0.018083183,0,0,0,0,0,0
757663-5,5,0.078393881,0,0,0,0,0.003824092,0,0.003824092,0,0.015296367,0.005736138,0.33460803,0,0,0.001912046,0,0,0,0,0
757663-6,5,0.048361934,0,0,0.001560062,0.001560062,0,0,0,0,0.024960998,0,0.35569423,0.010920437,0.007800312,0,0,0.004680187,0.001560062,0,0
757663-7,5,0.058823529,0,0,0,0,0.00280112,0,0.053221289,0,0.014005602,0,0.31932773,0,0,0,0,0,0.014005602,0,0
757663-8,5,0.062868369,0,0.009823183,0,0,0.001964637,0,0,0,0,0,0.28290766,0,0.00589391,0,0,0,0.009823183,0,0.001964637
757663-9,5,0.084990958,0,0,0.007233273,0,0,0,0,0,0.009041591,0,0.31103074,0,0.005424955,0.019891501,0,0,0.009041591,0,0
757663-10,5,0.073394495,0,0,0.002293578,0.01146789,0,0,0,0,0.020642202,0,0.2706422,0.004587156,0.004587156,0.04587156,0,0,0.004587156,0,0
757663-11,5,0.087248322,0,0,0.001677852,0,0,0.006711409,0,0,0.015100671,0,0.27516779,0.001677852,0.013422819,0,0.033557047,0,0.010067114,0,0
757663-12,5,0.08650519,0,0,0,0,0,0,0,0,0.020761246,0,0.30449827,0.003460208,0.027681661,0.006920415,0,0,0,0,0
757664-1,5,0.11354582,0,0,0.001992032,0.003984064,0,0.26693227,0.003984064,0,0.005976096,0,0,0,0.051792829,0.013944223,0.033864542,0,0.007968128,0,0.015936255
757664-2,5,0.09765625,0.001953125,0.052734375,0,0,0,0.099609375,0.01171875,0,0.00390625,0.0234375,0.0390625,0,0.041015625,0.03125,0.091796875,0.00390625,0.005859375,0,0
757664-3,5,0.091880342,0.002136752,0.006410256,0,0,0,0.26709402,0,0,0,0,0.006410256,0,0.051282051,0.012820513,0.025641026,0,0,0,0.004273504
757664-4,5,0.085889571,0.00204499,0,0,0,0,0.26175869,0,0,0,0,0.036809816,0,0.053169734,0.020449898,0.044989775,0,0,0,0
757664-5,5,0.057471264,0,0,0.001915709,0.003831418,0,0.28735632,0,0.001915709,0,0,0,0.009578544,0.061302682,0.030651341,0,0,0,0,0
757664-6,5,0.052060738,0.002169197,0,0,0,0.002169197,0.34273319,0,0.002169197,0.006507592,0.004338395,0.028199566,0.026030369,0,0.010845987,0,0.00867679,0.004338395,0,0
757664-7,5,0.051785714,0,0,0,0.005357143,0,0.27142857,0.001785714,0,0,0.001785714,0.021428571,0,0.044642857,0.051785714,0,0,0.008928571,0,0
757664-8,5,0.058519793,0,0,0,0,0,0.28743546,0,0,0,0,0,0,0.020654045,0.10671256,0,0,0,0,0
757664-9,5,0.065878378,0.001689189,0,0,0,0.006756757,0.24324324,0.008445946,0,0.001689189,0,0,0,0.023648649,0.1097973,0.003378378,0,0,0,0.001689189
757664-10,5,0.073943662,0.001760563,0,0,0,0.007042254,0.27992958,0,0,0.001760563,0,0.031690141,0.01584507,0.029929577,0.054577465,0,0,0,0,0
757664-11,5,0.043551089,0.001675042,0,0,0.005025126,0,0.35343384,0,0.020100503,0.003350084,0.010050251,0.005025126,0,0.001675042,0.028475712,0.011725293,0,0,0,0
757664-12,5,0.052631579,0.00228833,0.006864989,0.006864989,0.018306636,0,0.15102975,0.020594966,0,0.018306636,0.020594966,0,0,0.070938215,0.027459954,0.050343249,0,0.013729977,0.004576659,0
757665-1,5,0.11551724,0,0,0.015517241,0.24137931,0,0,0,0,0,0,0.015517241,0.022413793,0.022413793,0.006896552,0.022413793,0.013793103,0,0.001724138,0
757665-2,5,0.11255411,0.004329004,0,0,0.27272727,0.004329004,0.001443001,0,0,0,0,0,0,0,0.027417027,0.012987013,0.008658009,0.018759019,0,0
757665-3,5,0.086538462,0,0,0,0.29567308,0,0,0.004807692,0.007211539,0,0.016826923,0,0,0,0,0.060096154,0.002403846,0,0,0.021634615
757665-4,5,0.085148515,0.001980198,0,0.003960396,0.32079208,0,0,0,0,0,0,0.013861386,0,0,0.003960396,0.037623762,0.011881188,0,0,0.003960396
757665-5,5,0.098984772,0.012690355,0.002538071,0,0.33248731,0,0,0,0,0,0,0,0,0.035532995,0,0.043147208,0,0,0,0
757665-6,5,0.057784912,0,0,0.003210273,0.31300161,0.001605136,0,0,0,0,0,0.001605136,0,0,0.019261637,0.028892456,0.011235955,0,0.001605136,0
757665-7,5,0.12831858,0,0.002949853,0,0.31120944,0,0,0.004424779,0.002949853,0.001474926,0.002949853,0.002949853,0.008849558,0,0,0.005899705,0,0,0.002949853,0.007374631
757665-8,5,0.083333333,0,0.030864198,0.018518519,0.14814815,0,0,0.030864198,0,0,0.00308642,0,0.033950617,0.040123457,0,0.10802469,0,0.00308642,0,0
757665-9,5,0.14507772,0.015544041,0,0,0.20725389,0,0,0,0.020725389,0.015544041,0.046632124,0.041450777,0,0,0.005181347,0,0.015544041,0.015544041,0,0
777525-1,6,0.096551724,0.35344828,0,0.001724138,0.013793103,0,0.001724138,0,0.012068966,0,0,0,0,0,0,0,0,0.003448276,0,0.018965517
777525-2,6,0.049079755,0.29856851,0.020449898,0,0.00204499,0,0.016359918,0,0.006134969,0,0.044989775,0,0,0,0.010224949,0,0,0.040899796,0,0
777525-3,6,0.11642412,0.27650728,0.006237006,0,0.020790021,0,0.002079002,0,0,0,0,0.01039501,0,0,0.006237006,0,0.008316008,0.01039501,0,0.016632017
777525-4,6,0.10824742,0.30154639,0.012886598,0.00257732,0,0,0,0,0,0,0.007731959,0,0.030927835,0,0,0,0,0,0,0
777525-5,6,0.065277778,0.24722222,0,0.002777778,0.020833333,0,0.018055556,0.008333333,0.026388889,0,0.006944444,0.011111111,0,0,0,0,0,0.019444444,0,0.019444444
777525-6,6,0.059149723,0.22550832,0,0,0.055452865,0,0,0.022181146,0,0.009242144,0,0,0,0,0.01663586,0,0.007393715,0.027726433,0,0
777525-7,6,0.093425606,0.30276817,0.001730104,0.008650519,0.003460208,0,0,0,0.01384083,0,0,0,0.006920415,0.015570934,0,0,0,0,0,0.025951557
777525-8,6,0.092511013,0.29955947,0,0.004405286,0,0,0.008810573,0.002202643,0.00660793,0.004405286,0.004405286,0,0.015418502,0.015418502,0.002202643,0.035242291,0,0,0,0
777525-9,6,0.079566004,0.33092224,0,0,0.012658228,0,0,0,0,0.007233273,0.007233273,0,0,0,0.007233273,0.005424955,0.023508137,0.018083183,0,0.001808318
777525-10,6,0.11620295,0.31423895,0.021276596,0,0,0,0,0,0,0.004909984,0.009819967,0,0,0.004909984,0.001636661,0.006546645,0,0.008183306,0.001636661,0
777525-11,6,0.06462585,0.31122449,0.003401361,0,0,0,0,0.005102041,0.035714286,0,0,0,0,0,0,0.008503401,0,0.008503401,0,0.010204082
777525-12,6,0.079497908,0.23570432,0,0.0027894,0.016736402,0.005578801,0,0.0013947,0,0.0027894,0,0,0,0.020920502,0.026499303,0.023709902,0,0,0,0.005578801
777525-13,6,0.096311475,0.35655738,0,0,0,0,0,0,0.00204918,0,0.00204918,0,0,0,0,0,0.022540984,0,0,0.00204918
777525-14,6,0.072268908,0.35294118,0.01512605,0,0.013445378,0,0,0,0.010084034,0,0,0,0,0,0,0.006722689,0,0,0.011764706,0
777525-15,6,0.062992126,0.29606299,0.02519685,0,0.007874016,0,0,0.001574803,0,0,0.007874016,0,0.009448819,0,0,0,0,0.045669291,0.006299213,0
777525-16,6,0.075098814,0.31818182,0.027667984,0,0.017786561,0,0.011857708,0,0,0,0.001976285,0,0.007905138,0.007905138,0,0,0,0.007905138,0,0.017786561
777525-17,6,0.057491289,0.3728223,0,0,0,0,0,0.003484321,0.010452962,0,0.006968641,0,0.00174216,0,0,0.00174216,0.00174216,0,0,0
777525-18,6,0.069230769,0.23692308,0,0.013846154,0.016923077,0,0,0.003076923,0,0.010769231,0,0.003076923,0,0.015384615,0.04,0,0,0.003076923,0,0.006153846
777525-19,6,0.034115139,0.30916844,0,0,0,0,0,0,0,0,0,0.010660981,0,0,0.029850746,0,0,0,0,0
777525-20,6,0.060402685,0.22147651,0.004474273,0,0.046979866,0,0,0.013422819,0,0,0,0.015659955,0.006711409,0,0.033557047,0.022371365,0,0,0,0
777525-21,6,0.041745731,0.32258065,0.007590133,0.007590133,0.009487666,0,0.028462998,0,0,0,0.003795066,0,0,0,0.013282732,0,0,0,0,0
777525-22,6,0.072213501,0.18524333,0,0.015698587,0.006279435,0,0.006279435,0,0.03610675,0,0,0,0.021978022,0,0.03610675,0.025117739,0.001569859,0.042386185,0,0
777525-23,6,0.076521739,0.28173913,0.00173913,0,0,0,0.013913043,0,0.015652174,0,0.003478261,0,0.015652174,0,0,0,0.00173913,0.024347826,0,0
777525-24,6,0.052715655,0.30191693,0.004792332,0,0,0,0,0.023961661,0.028753994,0,0.003194888,0,0.004792332,0,0.001597444,0,0,0.025559105,0.004792332,0
777525-25,6,0.056603774,0.2212693,0.005145798,0.022298456,0.010291595,0,0,0.010291595,0,0.006861064,0,0,0.005145798,0,0,0,0,0.073756432,0,0
777525-26,6,0.072186837,0.32908705,0,0,0.027600849,0,0.010615711,0.012738854,0,0,0,0.002123142,0,0,0,0,0,0.002123142,0,0.002123142
777525-27,6,0.062809917,0.33884298,0,0,0,0.018181818,0,0,0.01322314,0.001652893,0,0,0,0.003305785,0,0.023140496,0,0.003305785,0,0.026446281
777525-28,6,0.11895911,0.27509294,0,0.005576208,0,0.001858736,0.007434944,0.001858736,0,0.024163569,0.00929368,0.001858736,0,0,0,0,0,0.003717472,0,0.026022305
777525-29,6,0.13308688,0.24399261,0.01663586,0,0.012939002,0.003696858,0,0,0.003696858,0,0.005545287,0,0,0,0,0.012939002,0,0,0,0.027726433
777526-1,6,0.13043478,0,0.009451796,0,0,0,0.14744802,0,0.026465028,0,0,0.009451796,0.018903592,0.001890359,0,0.018903592,0.001890359,0,0.018903592,0.11531191
777526-2,6,0.11752137,0,0,0,0,0,0.23717949,0,0,0,0,0,0,0.025641026,0.008547009,0.010683761,0.040598291,0,0,0.081196581
777526-3,6,0.1013289,0.004983389,0,0,0,0.028239203,0.21262458,0,0.00166113,0,0,0,0.011627907,0.008305648,0,0.016611296,0,0.024916944,0.008305648,0.10963455
777526-4,6,0.12214984,0.01465798,0,0.019543974,0.009771987,0.003257329,0.12052117,0.017915309,0,0.030944625,0,0,0,0,0.009771987,0,0.008143323,0.016286645,0.009771987,0.096091205
777526-5,6,0.11594203,0,0.037267081,0,0.008281574,0.002070393,0.14906832,0,0,0.016563147,0,0.002070393,0.00621118,0.004140787,0,0.00621118,0.010351967,0,0,0.10973085
777526-6,6,0.073375262,0,0.002096436,0.077568134,0,0.002096436,0.20545073,0.002096436,0.004192872,0.073375262,0.004192872,0.018867925,0,0,0.020964361,0,0,0.006289308,0.01048218,0.002096436
777526-7,6,0.08,0,0,0.007272727,0,0,0.092727273,0,0.049090909,0.021818182,0,0,0,0,0,0,0.076363636,0.007272727,0,0.13818182
777526-8,6,0.12479201,0,0.038269551,0.001663894,0,0,0.11148087,0.003327787,0.016638935,0.011647255,0,0.016638935,0,0,0,0.008319468,0.091514143,0.003327787,0,0.069883527
777526-9,6,0.12348668,0,0,0.002421308,0,0,0.21791768,0,0,0,0,0.012106538,0,0.007263923,0,0.012106538,0.046004843,0.002421308,0.00968523,0.065375303
777526-10,6,0.091106291,0.006507592,0.023861171,0.013015184,0,0,0.14316703,0,0.004338395,0.030368764,0,0,0,0.023861171,0.010845987,0,0.043383948,0,0.002169197,0.10195228
777526-11,6,0.08419244,0,0.003436426,0,0.006872852,0,0.24226804,0,0,0.04467354,0.005154639,0,0,0.010309278,0.010309278,0.006872852,0.010309278,0,0,0.065292096
777526-12,6,0.14710485,0,0.006259781,0,0,0,0.21909233,0.003129891,0.009389671,0.034428795,0,0.001564945,0,0.010954617,0,0.001564945,0,0,0.003129891,0.10954617
777527-1,6,0.1008547,0.005128205,0,0,0,0.003418803,0.01025641,0,0,0.3008547,0,0.001709402,0.001709402,0.063247863,0,0,0.006837607,0,0.001709402,0.015384615
777527-2,6,0.080708661,0,0.003937008,0,0,0,0,0,0.003937008,0.23031496,0,0.031496063,0,0.12795276,0,0,0,0,0,0
777527-3,6,0.058943089,0,0,0,0,0,0,0,0.012195122,0.28252033,0,0.014227642,0,0.081300813,0.004065041,0.004065041,0,0,0,0.006097561
777527-4,6,0.077227723,0,0.005940594,0.015841584,0.003960396,0,0,0,0,0.34257426,0,0.003960396,0,0.023762376,0,0.01980198,0,0,0.001980198,0
777527-5,6,0.10824742,0,0,0.001718213,0.010309278,0,0,0,0,0.27147766,0,0,0,0.013745704,0,0.008591065,0,0,0,0
777527-6,6,0.071428571,0.001879699,0.007518797,0,0,0,0,0,0,0.32894737,0,0.026315789,0,0.015037594,0,0,0.003759399,0,0.001879699,0
777527-7,6,0.056934307,0.004379562,0,0.002919708,0,0,0,0,0,0.39124088,0,0.002919708,0,0.037956204,0.001459854,0,0,0,0.004379562,0
777527-8,6,0.075396825,0,0,0,0.001984127,0,0.003968254,0,0,0.33531746,0.003968254,0,0,0.033730159,0,0.025793651,0,0,0,0.01984127
777527-9,6,0.10047847,0,0,0,0,0.016746411,0,0,0,0.31818182,0,0.023923445,0,0,0.002392345,0.0215311,0,0,0.004784689,0.009569378
777527-10,6,0.070981211,0.002087683,0,0,0.012526096,0.002087683,0,0,0,0.3131524,0.002087683,0.025052192,0,0.020876827,0,0.006263048,0,0,0.002087683,0
777527-11,6,0.062374245,0,0,0.004024145,0,0,0,0,0.010060362,0.30181087,0,0.052313883,0,0.012072435,0,0,0,0,0,0
777527-12,6,0.093939394,0.001515152,0.009090909,0,0,0,0,0,0.001515152,0.34242424,0.003030303,0,0.001515152,0.018181818,0,0,0,0.003030303,0,0
777527-13,6,0.074418605,0,0.018604651,0,0.013953488,0,0,0,0,0.34418605,0.011627907,0.002325581,0,0.03255814,0,0,0,0,0.004651163,0
777527-14,6,0.048387097,0,0,0,0,0,0.008064516,0,0.001612903,0.3516129,0,0,0.003225807,0.051612903,0.001612903,0.003225807,0,0.001612903,0,0
777527-15,6,0.088235294,0,0.017647059,0,0,0.015686275,0,0.005882353,0.009803922,0.38039216,0,0,0,0,0.005882353,0.001960784,0,0.007843137,0.001960784,0
777528-1,6,0.10634648,0,0.005145798,0,0.003430532,0,0,0.018867925,0.030874786,0.010291595,0.058319039,0,0,0.006861064,0,0.24528302,0.010291595,0.013722127,0,0.034305317
777528-2,6,0.16080402,0,0,0,0.010050251,0,0,0.012562814,0,0.012562814,0.005025126,0.040201005,0,0.040201005,0.005025126,0.26130653,0,0,0,0
777528-3,6,0.08318264,0.007233273,0.001808318,0,0.063291139,0.001808318,0,0.047016275,0,0.014466546,0.03074141,0.03074141,0,0.016274864,0.032549729,0.16998192,0,0,0.005424955,0.003616637
777528-4,6,0.067264574,0.044843049,0.01793722,0,0.035874439,0.01793722,0,0.047085202,0,0,0.013452915,0,0,0,0.015695067,0.29820628,0,0,0,0
777528-5,6,0.16594828,0.025862069,0.00862069,0,0.025862069,0.00862069,0,0.032327586,0,0.010775862,0.023706897,0,0.002155172,0,0,0.18965517,0.015086207,0,0.010775862,0
777528-6,6,0.13836478,0.020964361,0,0,0.014675052,0,0,0.052410901,0.012578616,0,0.039832285,0,0,0.020964361,0,0.22851153,0.002096436,0,0.006289308,0
777528-7,6,0.15559157,0.021069692,0.008103728,0.006482982,0.017828201,0,0,0,0,0,0,0.009724473,0.02917342,0.017828201,0,0.22852512,0,0,0.030794165,0.003241491
802217-1,7,0.097744361,0.026315789,0,0,0,0.007518797,0.054511278,0.020676692,0.001879699,0,0,0,0,0.015037594,0.065789474,0.001879699,0.10714286,0,0,0.015037594
802217-2,7,0.11796733,0,0.003629764,0,0.00907441,0.019963702,0.00907441,0,0.032667877,0.003629764,0,0.005444646,0.001814882,0.01814882,0,0.047186933,0.15063521,0.00907441,0,0.043557169
802217-3,7,0.078610603,0.010968921,0.023765996,0.001828154,0.023765996,0.010968921,0.031078611,0,0.043875686,0.005484461,0,0,0,0.020109689,0.032906764,0,0.21572212,0,0,0
802217-4,7,0.14471243,0.001855288,0.012987013,0,0.005565863,0,0.001855288,0,0.10018553,0.016697588,0,0.018552876,0,0,0.025974026,0.020408163,0.13172542,0,0,0
802217-5,7,0.10734463,0.018832392,0.016949153,0,0.003766478,0.018832392,0.039548023,0.033898305,0.082862524,0,0,0.020715631,0,0.003766478,0.015065913,0.009416196,0.043314501,0.026365348,0.003766478,0.020715631
802217-6,7,0.13617021,0,0.004255319,0.00212766,0,0.034042553,0,0.008510638,0.04893617,0,0,0,0,0.053191489,0.00212766,0,0.16382979,0,0,0.038297872
802217-7,7,0.12572534,0.01934236,0.027079304,0,0.003868472,0.00967118,0.036750484,0,0.13539652,0,0.005802708,0.003868472,0,0,0,0.001934236,0.034816248,0.001934236,0,0.03868472
802217-8,7,0.11423221,0,0,0,0.001872659,0,0.028089888,0,0.13670412,0.014981273,0.011235955,0,0.007490637,0.039325843,0,0,0.082397004,0,0,0.001872659
802217-9,7,0.21212121,0,0,0.042424242,0.018181818,0,0.012121212,0.012121212,0.042424242,0.006060606,0,0,0,0,0,0,0.078787879,0.090909091,0.006060606,0
802218-1,7,0.146875,0,0,0,0,0.246875,0,0,0,0.034375,0,0.0015625,0.034375,0.003125,0,0.0296875,0,0.021875,0.0078125,0.0234375
802218-2,7,0.11013216,0.011013216,0,0,0,0.21806167,0,0,0,0.00660793,0.017621145,0.004405286,0.002202643,0.028634361,0,0,0.04185022,0.052863436,0,0.061674009
802218-3,7,0.081749049,0.003802281,0,0,0,0.2148289,0,0.011406844,0.001901141,0.005703422,0.039923954,0.034220532,0.066539924,0.001901141,0,0,0.007604563,0.038022814,0.030418251,0.015209125
802218-4,7,0.076775432,0,0,0,0,0.14971209,0,0,0.009596929,0.013435701,0.044145873,0,0.12284069,0,0.019193858,0,0,0.057581574,0.061420345,0
802218-5,7,0.1634981,0.007604563,0.003802281,0.007604563,0,0.25475285,0,0,0.02661597,0.003802281,0,0.003802281,0,0,0,0.02661597,0,0.057034221,0.003802281,0
802219-1,7,0.10912698,0,0,0,0,0.035714286,0,0,0,0.025793651,0,0.009920635,0,0.075396825,0,0.027777778,0.001984127,0,0.19246032,0
802219-2,7,0.11383929,0,0,0.008928571,0,0.058035714,0,0,0.002232143,0.03125,0,0.004464286,0,0.033482143,0,0,0.004464286,0,0.19419643,0
802219-3,7,0.084805654,0,0.030035336,0,0,0.049469965,0.010600707,0.010600707,0,0,0.012367491,0,0,0.01590106,0.008833922,0.028268551,0,0.001766785,0.18551237,0.06360424
802219-4,7,0.095684803,0,0,0,0.005628518,0.058161351,0.026266417,0,0.020637899,0.022514071,0,0.011257036,0,0.046904315,0.001876173,0,0,0,0.18574109,0.001876173
802219-5,7,0.12207358,0,0.001672241,0,0,0.013377926,0,0.006688963,0,0.010033445,0,0,0.001672241,0.033444816,0,0.040133779,0,0.008361204,0.25250836,0
802219-6,7,0.098159509,0,0,0,0,0.063394683,0.00408998,0,0.020449898,0.016359918,0.00204499,0,0,0.00408998,0,0,0.016359918,0.012269939,0.22699387,0.014314928
802219-7,7,0.11547912,0,0,0,0,0.039312039,0,0,0,0.029484029,0.017199017,0.061425061,0,0,0.046683047,0.012285012,0,0,0.13759214,0
802219-8,7,0.1641791,0,0.016791045,0,0,0.035447761,0,0,0,0.02238806,0,0.039179104,0,0.016791045,0.001865672,0,0.001865672,0,0.14365672,0
802219-9,7,0.063492063,0.007936508,0,0,0,0.017857143,0,0,0,0.051587302,0,0,0,0.007936508,0.12698413,0.015873016,0,0.051587302,0.11706349,0
802219-10,7,0.12572534,0,0,0,0,0.040618956,0.052224371,0,0,0,0.017408124,0,0,0.003868472,0.030947776,0.003868472,0,0.007736944,0.17021277,0.017408124
802219-11,7,0.070342205,0.005703422,0,0,0,0.049429658,0.005703422,0,0,0.015209125,0.019011407,0.003802281,0.030418251,0,0.020912548,0,0,0.087452471,0.14828897,0
802219-12,7,0.073267327,0,0,0.001980198,0.007920792,0.061386139,0,0.003960396,0.017821782,0.021782178,0.001980198,0.017821782,0,0.01980198,0.015841584,0,0,0.017821782,0.19207921,0.003960396
802219-13,7,0.074144487,0,0,0,0.020912548,0.038022814,0.053231939,0,0.013307985,0.02851711,0.02661597,0.020912548,0,0.013307985,0,0.003802281,0,0,0.15779468,0
802219-14,7,0.12190083,0,0,0,0.002066116,0.002066116,0.088842975,0,0.022727273,0.008264463,0.01446281,0,0.002066116,0.04338843,0.022727273,0.004132231,0,0.024793388,0.084710744,0
802219-15,7,0.093984962,0.001879699,0.003759399,0,0,0.07518797,0.031954887,0,0.013157895,0,0,0.005639098,0.016917293,0.005639098,0.007518797,0.003759399,0.015037594,0,0.21052632,0
802219-16,7,0.10514019,0,0.01635514,0,0,0.023364486,0,0,0,0,0.049065421,0.056074766,0,0.023364486,0,0,0.011682243,0,0.18691589,0
802219-17,7,0.17456897,0,0,0.004310345,0.002155172,0.068965517,0.004310345,0,0.010775862,0,0,0.002155172,0,0.034482759,0,0.006465517,0.015086207,0,0.16810345,0
802220-1,7,0.078313253,0,0,0.002008032,0,0.14457831,0,0,0,0,0.030120482,0,0.008032129,0.002008032,0.004016064,0.002008032,0.008032129,0.24497992,0.030120482,0
802220-2,7,0.11131059,0,0,0,0,0.1005386,0,0,0,0,0.039497307,0,0.008976661,0.028725314,0.005385996,0.005385996,0.017953321,0.14003591,0,0.048473968
802220-3,7,0.19661734,0,0,0,0,0.10993658,0,0.002114165,0,0,0.010570825,0,0,0.059196617,0,0.042283298,0,0.057082452,0.006342495,0.063424947
802220-4,7,0.11151737,0,0,0.005484461,0.018281536,0.010968921,0,0,0.012797075,0,0.054844607,0.001828154,0,0.056672761,0,0.062157221,0.003656307,0.13711152,0.020109689,0
802220-5,7,0.075993092,0,0,0,0.006908463,0.010362694,0.013816926,0,0,0.001727116,0.025906736,0.010362694,0.008635579,0.091537133,0.010362694,0.025906736,0.017271157,0.208981,0,0
802220-6,7,0.068607069,0,0.002079002,0,0,0.047817048,0,0,0,0,0.008316008,0.016632017,0,0.020790021,0,0.006237006,0,0.32640333,0.002079002,0
802220-7,7,0.094982079,0.001792115,0,0,0,0.003584229,0,0,0,0,0.001792115,0,0.019713262,0.005376344,0.001792115,0,0.008960574,0.2921147,0.016129032,0
802220-8,7,0.073929961,0,0,0,0,0.005836576,0,0,0,0.03307393,0.015564202,0.005836576,0.003891051,0.025291829,0.019455253,0,0.003891051,0.26070039,0.003891051,0.017509728
802220-9,7,0.064102564,0,0,0.016483516,0,0.001831502,0.003663004,0.010989011,0,0.003663004,0.014652015,0.010989011,0.042124542,0,0.009157509,0,0.005494506,0.3021978,0,0.003663004
802220-10,7,0.085185185,0,0.02037037,0,0.014814815,0.033333333,0,0,0,0,0.035185185,0.012962963,0.022222222,0.001851852,0.016666667,0,0,0.22222222,0,0
802220-11,7,0.07961165,0,0,0.005825243,0,0.003883495,0,0,0,0.015533981,0.029126214,0.015533981,0.005825243,0,0.015533981,0,0,0.26213592,0,0
802220-12,7,0,0,0,0,0,0,0,0,0,0,0,0,0,0,0,0,0,0,0,0
802220-13,7,0.048638132,0,0,0.021400778,0,0,0,0,0.001945525,0,0.064202335,0.001945525,0.007782101,0.001945525,0.023346304,0.005836576,0,0.16342412,0.009727627,0.001945525
802220-14,7,0.055194805,0.017857143,0.003246753,0,0,0.00974026,0,0,0,0,0.021103896,0,0.008116883,0.00974026,0,0,0,0.23538961,0.003246753,0.032467532
802220-15,7,0.05,0,0,0,0,0.031481481,0,0.001851852,0,0.016666667,0,0,0.025925926,0,0.001851852,0,0,0.32222222,0,0
802220-16,7,0.070889894,0.019607843,0,0.007541478,0,0.013574661,0,0.009049774,0,0,0,0,0.037707391,0,0,0.010558069,0,0.2775264,0.001508296,0
802220-17,7,0.12535613,0,0,0,0,0.11965812,0,0,0,0,0.031339031,0.01994302,0.002849003,0.01994302,0.002849003,0.005698006,0.01994302,0.1994302,0,0.002849003
802221-1,7,0.099811676,0.001883239,0.011299435,0,0.001883239,0.32956685,0,0,0,0.026365348,0.013182674,0.001883239,0.009416196,0,0.001883239,0,0.015065913,0.009416196,0,0
802221-2,7,0.099426386,0,0.013384321,0,0,0.39196941,0,0.003824092,0,0,0,0,0,0.011472275,0,0,0,0.007648184,0,0.001912046
802221-3,7,0.062394604,0,0,0,0,0.39966273,0,0.008431703,0,0.001686341,0,0,0,0,0,0,0.008431703,0.033726813,0,0
802221-4,7,0.05,0.001666667,0.003333333,0,0,0.45166667,0,0,0.01,0,0,0,0.003333333,0.001666667,0,0.003333333,0,0,0,0.018333333
802221-5,7,0.064,0,0.014,0,0,0.316,0,0,0.026,0,0,0.004,0.002,0.002,0.002,0,0.07,0,0.004,0.016
802221-6,7,0.11886792,0,0.022641509,0,0,0.3245283,0,0.003773585,0,0,0.003773585,0,0,0.011320755,0,0.005660377,0,0,0,0.011320755
802221-7,7,0.072695035,0.014184397,0,0,0.012411348,0.34929078,0,0,0,0,0.015957447,0,0,0.00177305,0,0.003546099,0.023049645,0,0,0.019503546
802221-8,7,0.10232558,0,0,0,0,0.33488372,0,0,0,0.003100775,0.00620155,0,0.004651163,0.024806202,0.001550388,0,0.001550388,0,0.00620155,0.017054264
802221-9,7,0.049180328,0,0,0,0,0.3911007,0,0,0,0,0,0,0.035128806,0.004683841,0,0,0.009367682,0.00234192,0,0
802221-10,7,0.099082569,0,0,0.005504587,0.003669725,0.3266055,0,0,0.003669725,0,0.003669725,0,0.011009174,0,0,0,0.025688073,0,0,0
802221-11,7,0.050488599,0.001628665,0.013029316,0,0,0.3990228,0,0.008143323,0.01465798,0,0.01465798,0.001628665,0.001628665,0,0,0,0,0.004885994,0,0
802221-12,7,0.048850575,0.005747126,0.010057471,0,0,0.36637931,0,0,0,0,0.011494253,0.001436782,0.012931034,0,0,0,0.002873563,0.040229885,0,0
802221-13,7,0.061157025,0,0.023140496,0,0.008264463,0.37190083,0.001652893,0,0,0,0.018181818,0.004958678,0.026446281,0,0,0,0.001652893,0,0,0
802221-14,7,0.079840319,0.00998004,0.001996008,0,0,0.31736527,0,0.027944112,0.00998004,0,0.003992016,0.003992016,0.01996008,0,0,0,0,0,0,0.023952096
802221-15,7,0.083900227,0.004535147,0,0,0,0.35600907,0,0,0,0.009070295,0,0.029478458,0,0,0,0,0,0.01814059,0.015873016,0
802222-1,7,0.10135135,0,0.022522523,0,0,0.04954955,0.004504505,0,0,0,0.029279279,0.013513514,0.27477477,0,0,0,0,0.002252252,0.015765766,0
802222-2,7,0.092691622,0,0.007130125,0.016042781,0.039215686,0.028520499,0.003565062,0.008912656,0,0.01426025,0.01426025,0,0.2459893,0,0,0,0,0.046345811,0,0.007130125
802222-3,7,0.11065574,0,0.00204918,0,0,0.10860656,0,0,0,0,0,0.020491803,0.2807377,0,0,0.010245902,0,0.00204918,0,0
802222-4,7,0.079331942,0.020876827,0.010438413,0,0.012526096,0.020876827,0.002087683,0,0,0,0.006263048,0.004175365,0.22755741,0.025052192,0,0.035490605,0,0.008350731,0.03131524,0.008350731
802222-5,7,0.10483871,0,0,0,0.002016129,0.068548387,0.006048387,0,0,0,0.002016129,0,0.19354839,0.004032258,0,0,0.016129032,0.040322581,0.048387097,0
802222-6,7,0.091954023,0,0,0,0,0.009578544,0,0,0,0,0,0.003831418,0.26628352,0,0.005747126,0.003831418,0,0.030651341,0.005747126,0
802222-7,7,0.11324376,0,0.005758157,0,0,0.013435701,0,0,0,0,0.011516315,0.001919386,0.23608445,0,0,0,0,0.034548944,0.005758157,0
802222-8,7,0.10851419,0,0,0,0,0.028380634,0,0,0,0.006677796,0,0,0.17863105,0,0,0,0.021702838,0.023372287,0.045075125,0.023372287
802222-9,7,0.084130019,0,0.009560229,0,0.015296367,0,0,0,0.019120459,0,0.003824092,0,0.24856597,0,0,0.001912046,0,0.084130019,0.005736138,0
802222-10,7,0,0,0,0,0,0,0,0,0,0,0,0.032258065,0.64516129,0,0,0,0,0,0,0
802222-11,7,0.075901328,0.003795066,0.009487666,0,0,0.018975332,0.007590133,0,0,0,0,0,0.30740038,0,0.001897533,0.017077799,0,0.045540797,0,0
802222-12,7,0.13416816,0.008944544,0,0,0.005366726,0.067978533,0,0,0,0.021466905,0,0,0.19677996,0.023255814,0,0,0,0.012522361,0.037567084,0
802222-13,7,0.13298791,0,0.003454231,0,0.006908463,0.07253886,0,0,0,0,0.001727116,0.001727116,0.20379965,0.005181347,0,0.006908463,0.010362694,0,0,0.050086356
852369-1,8,0.097713098,0.066528067,0,0,0,0,0.004158004,0.15592516,0,0,0.041580042,0.008316008,0.020790021,0.024948025,0,0.018711019,0.006237006,0,0.004158004,0
852369-2,8,0.13092979,0.001897533,0,0,0.018975332,0,0,0.19734345,0,0,0.015180266,0.015180266,0.017077799,0.024667932,0,0.041745731,0,0,0.018975332,0
852369-3,8,0.051975052,0,0,0,0.020790021,0,0,0.25363825,0,0.01039501,0,0.027027027,0,0.045738046,0.064449064,0,0,0.002079002,0.004158004,0
852369-4,8,0.073619632,0,0,0.020449898,0,0,0,0.21881391,0,0.008179959,0,0.1002045,0.012269939,0,0.024539877,0,0,0.024539877,0,0
852369-5,8,0.063197026,0.013011152,0.005576208,0.024163569,0.007434944,0.003717472,0,0.23234201,0,0,0,0.046468401,0.020446097,0,0.05204461,0,0,0.031598513,0,0
852369-6,8,0.12543554,0.005226481,0,0,0.012195122,0.003484321,0,0.20557491,0,0,0,0.033101045,0.010452962,0.027874564,0.019163763,0.008710801,0,0,0,0
852369-7,8,0.12662942,0,0,0,0,0,0,0.21973929,0,0,0.016759777,0,0.018621974,0.020484171,0.026070764,0,0,0.037243948,0.020484171,0
852369-8,8,0.095744681,0.00212766,0,0,0.017021277,0,0.010638298,0.14893617,0,0.006382979,0,0.061702128,0,0.074468085,0.006382979,0,0.006382979,0.00212766,0,0
852369-9,8,0.050096339,0,0,0.02504817,0.011560694,0,0,0.094412331,0,0,0,0.02504817,0,0.15028902,0.044315992,0.007707129,0,0.003853565,0,0
852369-10,8,0.058091286,0,0,0,0,0,0,0.14315353,0,0.004149378,0,0.012448133,0.008298755,0.093360996,0.13070539,0.020746888,0,0.008298755,0.004149378,0
852369-11,8,0.07554672,0,0.009940358,0,0,0,0,0.26441352,0,0.019880716,0.015904573,0.001988072,0,0.045725646,0,0.021868787,0,0.009940358,0,0
852369-12,8,0.057654076,0,0,0,0.005964215,0,0,0.27236581,0,0.023856859,0.003976143,0.039761431,0,0.031809145,0.011928429,0.001988072,0,0.035785288,0,0
852369-13,8,0.10505051,0.006060606,0,0,0.01010101,0,0.038383838,0.22222222,0,0.006060606,0,0.018181818,0,0.038383838,0,0,0,0.016161616,0,0
852369-14,8,0.083778966,0,0,0,0,0.003565062,0,0.19964349,0.007130125,0,0.010695187,0.049910873,0,0.035650624,0.069518717,0,0,0.03030303,0,0
852370-1,8,0.1,0,0.010526316,0,0,0,0,0,0.003508772,0,0.31403509,0,0.014035088,0.012280702,0,0.026315789,0.001754386,0,0.014035088,0.015789474
852370-2,8,0.087591241,0,0.00243309,0,0,0,0,0.02189781,0.00486618,0,0.32116788,0,0,0.00973236,0,0,0.00243309,0,0.00486618,0
852370-3,8,0.085106383,0,0,0,0,0,0.004255319,0,0,0,0.31914894,0.004255319,0.14468085,0,0,0,0,0,0,0
852370-4,8,0.068071313,0.008103728,0.030794165,0.008103728,0,0.003241491,0,0,0,0,0.26580227,0.012965964,0.008103728,0,0.02917342,0,0,0.02917342,0.004862237,0
852370-5,8,0.084745763,0.004842615,0.024213075,0,0.016949153,0,0,0,0.004842615,0,0.26392252,0.007263923,0,0,0,0,0,0.02905569,0.024213075,0.031476998
852370-6,8,0.14953271,0,0.009345794,0.002336449,0,0,0.004672897,0.028037383,0.002336449,0,0.31775701,0.011682243,0,0,0,0,0.002336449,0.004672897,0.009345794,0
852370-7,8,0.11229135,0.001517451,0.057663126,0,0.006069803,0,0.001517451,0,0,0.060698027,0.20789074,0.006069803,0,0,0,0,0,0.036418816,0.02276176,0
852370-8,8,0.10477941,0.018382353,0.03125,0,0.011029412,0,0.011029412,0,0,0.034926471,0.24080882,0,0,0.005514706,0,0.005514706,0.001838235,0.027573529,0.018382353,0
852370-9,8,0.098305085,0.006779661,0,0,0,0,0,0.001694915,0,0,0.3440678,0,0,0,0,0.013559322,0,0.027118644,0.001694915,0.028813559
852370-10,8,0.13215859,0,0,0,0.004405286,0,0,0.017621145,0,0.002202643,0.25991189,0.004405286,0,0.024229075,0.015418502,0,0,0.017621145,0,0
852370-11,8,0.08974359,0.003663004,0.014652015,0.001831502,0,0,0.042124542,0.001831502,0.003663004,0,0.26373626,0,0,0,0.003663004,0.029304029,0,0.038461538,0.018315018,0
852370-12,8,0.12253829,0,0,0,0.050328228,0,0.021881838,0.032822757,0,0,0.297593,0.010940919,0,0,0.010940919,0.004376368,0,0,0,0
852370-13,8,0.072213501,0.032967033,0.01255887,0.014128728,0,0,0.001569859,0.01255887,0,0.006279435,0.3155416,0,0,0.018838305,0,0.026687598,0,0.017268446,0,0.001569859
852370-14,8,0.1352657,0,0,0,0.002415459,0.009661836,0,0,0,0,0.34541063,0,0,0.028985507,0,0.007246377,0,0,0,0
852370-15,8,0.1838565,0,0,0.013452915,0,0,0,0.004484305,0,0,0.23766816,0,0,0.013452915,0.002242153,0.011210762,0,0,0,0
852371-1,8,0.075862069,0.015517241,0.027586207,0,0,0.001724138,0,0,0.006896552,0.001724138,0.05862069,0,0.001724138,0,0,0.001724138,0,0.006896552,0.22413793,0.11724138
852371-2,8,0.085981308,0.028037383,0.005607477,0.013084112,0,0,0,0,0.009345794,0.001869159,0.009345794,0.001869159,0,0.009345794,0,0.011214953,0.003738318,0,0.22429907,0.1046729
852371-3,8,0.13242784,0,0,0,0,0,0,0,0.003395586,0.010186757,0,0,0.008488964,0.01188455,0,0.001697793,0.015280136,0.008488964,0.27674024,0.0237691
852371-4,8,0.069364162,0,0.032755299,0,0,0.003853565,0,0,0.013487476,0.013487476,0.013487476,0.005780347,0,0.009633911,0,0,0,0.013487476,0.26782274,0.023121387
852371-5,8,0.09751773,0,0.035460993,0.00177305,0,0,0,0,0.00177305,0.024822695,0.012411348,0,0.014184397,0.00177305,0,0.00177305,0,0,0.31028369,0.026595745
852371-6,8,0.063829787,0,0.060790274,0,0,0,0,0.003039514,0,0.007598784,0,0.001519757,0.039513678,0,0,0,0,0.022796353,0.29483283,0.006079027
852371-7,8,0.10141988,0.002028398,0.028397566,0.002028398,0,0.010141988,0.014198783,0,0,0.006085193,0,0,0.024340771,0,0,0,0.002028398,0.010141988,0.29411765,0.004056795
852371-8,8,0.069105691,0.004065041,0.034552846,0,0.008130081,0.010162602,0,0,0,0,0.00203252,0.00203252,0.042682927,0,0,0,0.012195122,0,0.22357724,0.022357724
852371-9,8,0.1423221,0,0,0,0,0,0,0.001872659,0,0.018726592,0,0,0,0.001872659,0.014981273,0,0.005617978,0,0.21910112,0.029962547
852371-10,8,0.087542088,0.02020202,0.008417508,0,0,0,0.001683502,0.001683502,0,0,0.018518519,0,0.001683502,0,0,0,0,0.013468013,0.30808081,0
852371-11,8,0.10061602,0.016427105,0.01026694,0,0,0,0,0,0,0.002053388,0.014373717,0,0,0,0,0,0.024640657,0.051334702,0.26694045,0
852371-12,8,0.11346445,0.003025719,0,0,0,0,0,0,0.018154312,0.015128593,0.019667171,0,0.001512859,0,0.003025719,0,0,0.001512859,0.23298033,0.015128593
852371-13,8,0.073068894,0.008350731,0.012526096,0.002087683,0,0,0.004175365,0.004175365,0,0.006263048,0.002087683,0,0,0,0,0.004175365,0.012526096,0.004175365,0.3006263,0
852371-14,8,0.10795455,0,0.003787879,0,0,0,0,0,0.015151515,0.007575758,0,0,0.017045455,0,0,0,0,0.011363636,0.27840909,0
852371-15,8,0.077777778,0.004444444,0,0.011111111,0.006666667,0.006666667,0.013333333,0,0.022222222,0.024444444,0.055555556,0.004444444,0,0.004444444,0,0,0,0,0.20666667,0.044444444
852371-16,8,0.17401392,0,0,0,0,0.002320186,0.002320186,0,0,0.006960557,0,0.002320186,0,0,0.006960557,0.048723898,0,0.006960557,0.23897912,0.027842227
852372-1,8,0.045360825,0,0.2742268,0.004123711,0.002061856,0.030927835,0.004123711,0.030927835,0.006185567,0.006185567,0,0.037113402,0,0,0,0,0.002061856,0.092783505,0,0.028865979
852372-2,8,0.077689243,0.001992032,0.35856574,0,0.015936255,0.011952191,0,0.001992032,0.017928287,0.005976096,0.029880478,0,0.009960159,0,0.001992032,0.007968128,0.001992032,0,0.025896414,0.005976096
852372-3,8,0.10772834,0,0.32318501,0,0,0.084309133,0.00234192,0,0,0.011709602,0.035128806,0.004683841,0,0.009367682,0,0.009367682,0,0,0.018735363,0
852372-4,8,0.086872587,0.001930502,0.2953668,0,0.00965251,0,0,0.030888031,0.021235521,0,0,0,0.044401544,0,0,0,0,0.044401544,0.005791506,0
852372-5,8,0.1030303,0.016161616,0.26868687,0,0.014141414,0.002020202,0,0,0.006060606,0.060606061,0,0,0.024242424,0.002020202,0,0,0,0.004040404,0.050505051,0
852372-6,8,0.090566038,0.005660377,0.2490566,0,0.001886793,0,0.020754717,0,0.009433962,0,0.013207547,0.033962264,0.003773585,0,0,0.003773585,0,0.016981132,0.020754717,0
852372-7,8,0.084210526,0,0.35614035,0.005263158,0,0,0.003508772,0,0.015789474,0.021052632,0,0,0,0.001754386,0,0.005263158,0,0.047368421,0.003508772,0
852372-8,8,0.073217726,0,0.29865125,0,0.005780347,0,0,0,0,0,0.034682081,0.01734104,0.026974952,0,0.009633911,0,0,0.038535645,0.021194605,0.02504817
852372-9,8,0.095454545,0,0.27954545,0,0,0,0,0.015909091,0,0,0.054545455,0,0.004545455,0,0,0,0.009090909,0.043181818,0.006818182,0
852372-10,8,0.056666667,0,0.35333333,0.001666667,0.003333333,0,0,0.015,0.008333333,0,0.021666667,0,0.003333333,0,0,0,0.041666667,0.016666667,0.013333333,0.023333333
852372-11,8,0.10559006,0,0.36024845,0,0,0.028985507,0.008281574,0,0.01242236,0.016563147,0.002070393,0,0,0,0.002070393,0,0,0,0,0.037267081
852372-12,8,0.064748201,0,0.43705036,0,0,0,0.003597122,0,0,0,0.005395684,0,0,0,0,0.005395684,0,0.021582734,0,0
852372-13,8,0.10496183,0.003816794,0.38167939,0.003816794,0,0.007633588,0.001908397,0,0.011450382,0,0,0,0,0,0,0,0.001908397,0.015267176,0,0.007633588
852372-14,8,0.064516129,0.020373514,0.39388795,0.001697793,0,0,0,0,0.001697793,0.008488964,0,0,0,0,0,0.010186757,0.025466893,0,0,0.028862479
852372-15,8,0.093639576,0.010600707,0.34452297,0,0,0,0,0.001766785,0.014134276,0,0,0.008833922,0.001766785,0,0,0,0.01590106,0.01590106,0.012367491,0
852372-16,8,0.045283019,0,0.2509434,0,0,0,0.011320755,0.003773585,0.005660377,0.01509434,0.062264151,0.028301887,0.001886793,0.003773585,0.020754717,0.001886793,0.050943396,0.01509434,0.030188679,0.030188679
852372-17,8,0.095528455,0,0.35772358,0,0,0.044715447,0,0,0,0.036585366,0,0.010162602,0,0,0,0,0,0,0.032520325,0
852372-18,8,0.10619469,0,0.28318584,0,0,0.029498525,0,0.005899705,0,0.014749263,0.03539823,0.01179941,0.008849558,0,0,0,0,0.002949853,0,0
852373-1,8,0.081395349,0.024916944,0,0,0,0.024916944,0,0,0.10465116,0,0,0.008305648,0.00166113,0.011627907,0,0,0.12126246,0.003322259,0.003322259,0.086378738
852373-2,8,0.077079108,0,0.002028398,0,0.002028398,0,0,0,0.24340771,0.010141988,0,0,0,0.016227181,0,0.004056795,0.034482759,0,0,0.018255578
852373-3,8,0.10638298,0,0,0,0,0,0,0,0.25531915,0,0,0,0,0.021276596,0,0,0,0,0,0
852373-4,8,0.054814815,0.01037037,0,0.002962963,0,0,0.001481482,0.001481482,0.27259259,0,0,0.014814815,0,0.001481482,0,0,0,0,0,0
852373-5,8,0.087523277,0,0,0,0,0.001862197,0.00744879,0,0.26629423,0,0,0,0,0,0.011173184,0.003724395,0,0,0.03538175,0
852373-6,8,0.062283737,0,0,0,0,0,0,0.005190311,0.32179931,0,0,0,0,0,0,0.003460208,0,0,0,0
852373-7,8,0.072164948,0,0,0,0,0,0.055670103,0.004123711,0.29690722,0,0,0,0,0,0,0,0,0.008247423,0,0
852373-8,8,0.082352941,0,0,0,0,0,0.003921569,0,0.2745098,0.003921569,0.011764706,0.003921569,0.005882353,0.011764706,0,0,0.003921569,0.001960784,0.001960784,0
852373-9,8,0.080924855,0,0,0.001926782,0,0.001926782,0.015414258,0,0.34489403,0,0,0,0,0.003853565,0,0,0.005780347,0,0.001926782,0
852373-10,8,0.071174377,0,0,0,0,0,0.017793594,0.003558719,0.23131673,0,0.037366548,0.003558719,0,0.007117438,0.007117438,0.026690391,0,0.016014235,0,0
852373-11,8,0.063311688,0,0,0,0,0,0,0,0.35714286,0,0,0,0.003246753,0,0,0,0,0,0,0
852373-12,8,0.077310924,0,0,0,0.001680672,0,0.006722689,0,0.31932773,0,0,0,0,0.026890756,0,0,0.001680672,0.001680672,0,0.005042017
852373-13,8,0.067826087,0,0,0,0.003478261,0,0.003478261,0,0.31652174,0,0.00173913,0,0,0,0,0.029565217,0.006956522,0,0.008695652,0
852373-14,8,0.066793893,0,0,0,0.009541985,0.013358779,0,0.015267176,0.2519084,0.001908397,0.022900763,0,0,0,0,0,0.005725191,0,0,0.011450382
852373-15,8,0.081858407,0,0,0.002212389,0,0,0.006637168,0,0.32522124,0,0,0.015486726,0,0,0,0,0.004424779,0.002212389,0,0